STRUCTURE,STRUCTURE_ID,STRUCTURE_NAME,ACTION,REF_AREA,,FREQ,,POLLUTANT,,MEASURE,,UNIT_MEASURE,,TIME_PERIOD,,OBS_VALUE,,OBS_STATUS,,UNIT_MULT,,PRICE_BASE,,BASE_PER,,DECIMALS,,CONVERSION_TYPE,
DATAFLOW,OECD.ENV.EPI:DSD_AIR_GHG@DF_AIR_GHG(1.0),,I,AUS,,A,,GHG,,_T,,KG_CO2E_PS,,2023,,19.92922,,A,,3,,,,,,2,,,
DATAFLOW,OECD.ENV.EPI:DSD_AIR_GHG@DF_AIR_GHG(1.0),,I,AUT,,A,,GHG,,_T,,KG_CO2E_PS,,2023,,7.523844,,A,,3,,,,,,2,,,
DATAFLOW,OECD.ENV.EPI:DSD_AIR_GHG@DF_AIR_GHG(1.0),,I,BEL,,A,,GHG,,_T,,KG_CO2E_PS,,2023,,8.385736,,A,,3,,,,,,2,,,
DATAFLOW,OECD.ENV.EPI:DSD_AIR_GHG@DF_AIR_GHG(1.0),,I,CAN,,A,,GHG,,_T,,KG_CO2E_PS,,2023,,17.65728,,A,,3,,,,,,2,,,
DATAFLOW,OECD.ENV.EPI:DSD_AIR_GHG@DF_AIR_GHG(1.0),,I,CZE,,A,,GHG,,_T,,KG_CO2E_PS,,2023,,9.441118,,A,,3,,,,,,2,,,
DATAFLOW,OECD.ENV.EPI:DSD_AIR_GHG@DF_AIR_GHG(1.0),,I,DNK,,A,,GHG,,_T,,KG_CO2E_PS,,2023,,6.558307,,A,,3,,,,,,2,,,
DATAFLOW,OECD.ENV.EPI:DSD_AIR_GHG@DF_AIR_GHG(1.0),,I,EST,,A,,GHG,,_T,,KG_CO2E_PS,,2023,,7.945063,,A,,3,,,,,,2,,,
DATAFLOW,OECD.ENV.EPI:DSD_AIR_GHG@DF_AIR_GHG(1.0),,I,FIN,,A,,GHG,,_T,,KG_CO2E_PS,,2023,,7.329767,,A,,3,,,,,,2,,,
DATAFLOW,OECD.ENV.EPI:DSD_AIR_GHG@DF_AIR_GHG(1.0),,I,FRA,,A,,GHG,,_T,,KG_CO2E_PS,,2023,,5.653277,,A,,3,,,,,,2,,,
DATAFLOW,OECD.ENV.EPI:DSD_AIR_GHG@DF_AIR_GHG(1.0),,I,DEU,,A,,GHG,,_T,,KG_CO2E_PS,,2023,,7.948367,,A,,3,,,,,,2,,,
DATAFLOW,OECD.ENV.EPI:DSD_AIR_GHG@DF_AIR_GHG(1.0),,I,GRC,,A,,GHG,,_T,,KG_CO2E_PS,,2023,,7.022876,,A,,3,,,,,,2,,,
DATAFLOW,OECD.ENV.EPI:DSD_AIR_GHG@DF_AIR_GHG(1.0),,I,HUN,,A,,GHG,,_T,,KG_CO2E_PS,,2023,,5.607061,,A,,3,,,,,,2,,,
DATAFLOW,OECD.ENV.EPI:DSD_AIR_GHG@DF_AIR_GHG(1.0),,I,ISL,,A,,GHG,,_T,,KG_CO2E_PS,,2023,,11.988,,A,,3,,,,,,2,,,
DATAFLOW,OECD.ENV.EPI:DSD_AIR_GHG@DF_AIR_GHG(1.0),,I,IRL,,A,,GHG,,_T,,KG_CO2E_PS,,2023,,10.57115,,A,,3,,,,,,2,,,
DATAFLOW,OECD.ENV.EPI:DSD_AIR_GHG@DF_AIR_GHG(1.0),,I,ISR,,A,,GHG,,_T,,KG_CO2E_PS,,2023,,8.432515,,A,,3,,,,,,2,,,
DATAFLOW,OECD.ENV.EPI:DSD_AIR_GHG@DF_AIR_GHG(1.0),,I,ITA,,A,,GHG,,_T,,KG_CO2E_PS,,2023,,6.451943,,A,,3,,,,,,2,,,
DATAFLOW,OECD.ENV.EPI:DSD_AIR_GHG@DF_AIR_GHG(1.0),,I,JPN,,A,,GHG,,_T,,KG_CO2E_PS,,2023,,8.596324,,A,,3,,,,,,2,,,
DATAFLOW,OECD.ENV.EPI:DSD_AIR_GHG@DF_AIR_GHG(1.0),,I,LVA,,A,,GHG,,_T,,KG_CO2E_PS,,2023,,5.295873,,A,,3,,,,,,2,,,
DATAFLOW,OECD.ENV.EPI:DSD_AIR_GHG@DF_AIR_GHG(1.0),,I,LTU,,A,,GHG,,_T,,KG_CO2E_PS,,2023,,6.254073,,A,,3,,,,,,2,,,
DATAFLOW,OECD.ENV.EPI:DSD_AIR_GHG@DF_AIR_GHG(1.0),,I,LUX,,A,,GHG,,_T,,KG_CO2E_PS,,2023,,11.68083,,A,,3,,,,,,2,,,
DATAFLOW,OECD.ENV.EPI:DSD_AIR_GHG@DF_AIR_GHG(1.0),,I,NLD,,A,,GHG,,_T,,KG_CO2E_PS,,2023,,7.85981,,A,,3,,,,,,2,,,
DATAFLOW,OECD.ENV.EPI:DSD_AIR_GHG@DF_AIR_GHG(1.0),,I,NZL,,A,,GHG,,_T,,KG_CO2E_PS,,2023,,14.77261,,A,,3,,,,,,2,,,
DATAFLOW,OECD.ENV.EPI:DSD_AIR_GHG@DF_AIR_GHG(1.0),,I,NOR,,A,,GHG,,_T,,KG_CO2E_PS,,2023,,8.437336,,A,,3,,,,,,2,,,
DATAFLOW,OECD.ENV.EPI:DSD_AIR_GHG@DF_AIR_GHG(1.0),,I,POL,,A,,GHG,,_T,,KG_CO2E_PS,,2023,,8.979228,,A,,3,,,,,,2,,,
DATAFLOW,OECD.ENV.EPI:DSD_AIR_GHG@DF_AIR_GHG(1.0),,I,PRT,,A,,GHG,,_T,,KG_CO2E_PS,,2023,,5.093018,,A,,3,,,,,,2,,,
DATAFLOW,OECD.ENV.EPI:DSD_AIR_GHG@DF_AIR_GHG(1.0),,I,SVK,,A,,GHG,,_T,,KG_CO2E_PS,,2023,,6.537386,,A,,3,,,,,,2,,,
DATAFLOW,OECD.ENV.EPI:DSD_AIR_GHG@DF_AIR_GHG(1.0),,I,SVN,,A,,GHG,,_T,,KG_CO2E_PS,,2023,,6.98851,,A,,3,,,,,,2,,,
DATAFLOW,OECD.ENV.EPI:DSD_AIR_GHG@DF_AIR_GHG(1.0),,I,ESP,,A,,GHG,,_T,,KG_CO2E_PS,,2023,,5.634706,,A,,3,,,,,,2,,,
DATAFLOW,OECD.ENV.EPI:DSD_AIR_GHG@DF_AIR_GHG(1.0),,I,SWE,,A,,GHG,,_T,,KG_CO2E_PS,,2023,,4.206605,,A,,3,,,,,,2,,,
DATAFLOW,OECD.ENV.EPI:DSD_AIR_GHG@DF_AIR_GHG(1.0),,I,CHE,,A,,GHG,,_T,,KG_CO2E_PS,,2023,,4.594231,,A,,3,,,,,,2,,,
DATAFLOW,OECD.ENV.EPI:DSD_AIR_GHG@DF_AIR_GHG(1.0),,I,TUR,,A,,GHG,,_T,,KG_CO2E_PS,,2023,,6.862767,,A,,3,,,,,,2,,,
DATAFLOW,OECD.ENV.EPI:DSD_AIR_GHG@DF_AIR_GHG(1.0),,I,GBR,,A,,GHG,,_T,,KG_CO2E_PS,,2023,,5.613822,,A,,3,,,,,,2,,,
DATAFLOW,OECD.ENV.EPI:DSD_AIR_GHG@DF_AIR_GHG(1.0),,I,EU27_2020,,A,,GHG,,_T,,KG_CO2E_PS,,2023,,6.883682,,A,,3,,,,,,2,,,
DATAFLOW,OECD.ENV.EPI:DSD_AIR_GHG@DF_AIR_GHG(1.0),,I,OECD,,A,,GHG,,_T,,KG_CO2E_PS,,2023,,10.43976,,A,,3,,,,,,2,,,
DATAFLOW,OECD.ENV.EPI:DSD_AIR_GHG@DF_AIR_GHG(1.0),,I,OECDA,,A,,GHG,,_T,,KG_CO2E_PS,,2023,,13.75366,,A,,3,,,,,,2,,,
DATAFLOW,OECD.ENV.EPI:DSD_AIR_GHG@DF_AIR_GHG(1.0),,I,OECDSO,,A,,GHG,,_T,,KG_CO2E_PS,,2023,,11.40379,,A,,3,,,,,,2,,,
DATAFLOW,OECD.ENV.EPI:DSD_AIR_GHG@DF_AIR_GHG(1.0),,I,OECDE,,A,,GHG,,_T,,KG_CO2E_PS,,2023,,6.771666,,A,,3,,,,,,2,,,
DATAFLOW,OECD.ENV.EPI:DSD_AIR_GHG@DF_AIR_GHG(1.0),,I,BLR,,A,,GHG,,_T,,KG_CO2E_PS,,2023,,9.56043,,A,,3,,,,,,2,,,
DATAFLOW,OECD.ENV.EPI:DSD_AIR_GHG@DF_AIR_GHG(1.0),,I,BGR,,A,,GHG,,_T,,KG_CO2E_PS,,2023,,6.675433,,A,,3,,,,,,2,,,
DATAFLOW,OECD.ENV.EPI:DSD_AIR_GHG@DF_AIR_GHG(1.0),,I,HRV,,A,,GHG,,_T,,KG_CO2E_PS,,2023,,6.524332,,A,,3,,,,,,2,,,
DATAFLOW,OECD.ENV.EPI:DSD_AIR_GHG@DF_AIR_GHG(1.0),,I,CYP,,A,,GHG,,_T,,KG_CO2E_PS,,2023,,6.317472,,A,,3,,,,,,2,,,
DATAFLOW,OECD.ENV.EPI:DSD_AIR_GHG@DF_AIR_GHG(1.0),,I,KAZ,,A,,GHG,,_T,,KG_CO2E_PS,,2023,,17.01328,,A,,3,,,,,,2,,,
DATAFLOW,OECD.ENV.EPI:DSD_AIR_GHG@DF_AIR_GHG(1.0),,I,LIE,,A,,GHG,,_T,,KG_CO2E_PS,,2023,,4.22602,,A,,3,,,,,,2,,,
DATAFLOW,OECD.ENV.EPI:DSD_AIR_GHG@DF_AIR_GHG(1.0),,I,MLT,,A,,GHG,,_T,,KG_CO2E_PS,,2023,,4.214103,,A,,3,,,,,,2,,,
DATAFLOW,OECD.ENV.EPI:DSD_AIR_GHG@DF_AIR_GHG(1.0),,I,MCO,,A,,GHG,,_T,,KG_CO2E_PS,,2023,,1.534798,,A,,3,,,,,,2,,,
DATAFLOW,OECD.ENV.EPI:DSD_AIR_GHG@DF_AIR_GHG(1.0),,I,ROU,,A,,GHG,,_T,,KG_CO2E_PS,,2023,,5.432569,,A,,3,,,,,,2,,,
DATAFLOW,OECD.ENV.EPI:DSD_AIR_GHG@DF_AIR_GHG(1.0),,I,RUS,,A,,GHG,,_T,,KG_CO2E_PS,,2023,,14.32121,,A,,3,,,,,,2,,,
DATAFLOW,OECD.ENV.EPI:DSD_AIR_GHG@DF_AIR_GHG(1.0),,I,SRB,,A,,GHG,,_T,,KG_CO2E_PS,,2023,,9.169923,,A,,3,,,,,,2,,,
DATAFLOW,OECD.ENV.EPI:DSD_AIR_GHG@DF_AIR_GHG(1.0),,I,UKR,,A,,GHG,,_T,,KG_CO2E_PS,,2023,,6.171138,,A,,3,,,,,,2,,,
DATAFLOW,OECD.ENV.EPI:DSD_AIR_GHG@DF_AIR_GHG(1.0),,I,AUS,,A,,GHG,,_T,,KG_CO2E_PS,,2017,,22.74916,,A,,3,,,,,,2,,,
DATAFLOW,OECD.ENV.EPI:DSD_AIR_GHG@DF_AIR_GHG(1.0),,I,AUT,,A,,GHG,,_T,,KG_CO2E_PS,,2017,,9.391686,,A,,3,,,,,,2,,,
DATAFLOW,OECD.ENV.EPI:DSD_AIR_GHG@DF_AIR_GHG(1.0),,I,BEL,,A,,GHG,,_T,,KG_CO2E_PS,,2017,,10.25028,,A,,3,,,,,,2,,,
DATAFLOW,OECD.ENV.EPI:DSD_AIR_GHG@DF_AIR_GHG(1.0),,I,CAN,,A,,GHG,,_T,,KG_CO2E_PS,,2017,,20.03908,,A,,3,,,,,,2,,,
DATAFLOW,OECD.ENV.EPI:DSD_AIR_GHG@DF_AIR_GHG(1.0),,I,CHL,,A,,GHG,,_T,,KG_CO2E_PS,,2017,,5.696826,,A,,3,,,,,,2,,,
DATAFLOW,OECD.ENV.EPI:DSD_AIR_GHG@DF_AIR_GHG(1.0),,I,COL,,A,,GHG,,_T,,KG_CO2E_PS,,2017,,3.476127,,A,,3,,,,,,2,,,
DATAFLOW,OECD.ENV.EPI:DSD_AIR_GHG@DF_AIR_GHG(1.0),,I,CRI,,A,,GHG,,_T,,KG_CO2E_PS,,2017,,3.16124,,A,,3,,,,,,2,,,
DATAFLOW,OECD.ENV.EPI:DSD_AIR_GHG@DF_AIR_GHG(1.0),,I,CZE,,A,,GHG,,_T,,KG_CO2E_PS,,2017,,12.21656,,A,,3,,,,,,2,,,
DATAFLOW,OECD.ENV.EPI:DSD_AIR_GHG@DF_AIR_GHG(1.0),,I,DNK,,A,,GHG,,_T,,KG_CO2E_PS,,2017,,8.648594,,A,,3,,,,,,2,,,
DATAFLOW,OECD.ENV.EPI:DSD_AIR_GHG@DF_AIR_GHG(1.0),,I,EST,,A,,GHG,,_T,,KG_CO2E_PS,,2017,,15.76337,,A,,3,,,,,,2,,,
DATAFLOW,OECD.ENV.EPI:DSD_AIR_GHG@DF_AIR_GHG(1.0),,I,FIN,,A,,GHG,,_T,,KG_CO2E_PS,,2017,,9.988059,,A,,3,,,,,,2,,,
DATAFLOW,OECD.ENV.EPI:DSD_AIR_GHG@DF_AIR_GHG(1.0),,I,FRA,,A,,GHG,,_T,,KG_CO2E_PS,,2017,,7.110206,,A,,3,,,,,,2,,,
DATAFLOW,OECD.ENV.EPI:DSD_AIR_GHG@DF_AIR_GHG(1.0),,I,DEU,,A,,GHG,,_T,,KG_CO2E_PS,,2017,,10.616,,A,,3,,,,,,2,,,
DATAFLOW,OECD.ENV.EPI:DSD_AIR_GHG@DF_AIR_GHG(1.0),,I,GRC,,A,,GHG,,_T,,KG_CO2E_PS,,2017,,8.950194,,A,,3,,,,,,2,,,
DATAFLOW,OECD.ENV.EPI:DSD_AIR_GHG@DF_AIR_GHG(1.0),,I,HUN,,A,,GHG,,_T,,KG_CO2E_PS,,2017,,6.664885,,A,,3,,,,,,2,,,
DATAFLOW,OECD.ENV.EPI:DSD_AIR_GHG@DF_AIR_GHG(1.0),,I,ISL,,A,,GHG,,_T,,KG_CO2E_PS,,2017,,14.21876,,A,,3,,,,,,2,,,
DATAFLOW,OECD.ENV.EPI:DSD_AIR_GHG@DF_AIR_GHG(1.0),,I,IRL,,A,,GHG,,_T,,KG_CO2E_PS,,2017,,12.87677,,A,,3,,,,,,2,,,
DATAFLOW,OECD.ENV.EPI:DSD_AIR_GHG@DF_AIR_GHG(1.0),,I,ISR,,A,,GHG,,_T,,KG_CO2E_PS,,2017,,9.580019,,A,,3,,,,,,2,,,
DATAFLOW,OECD.ENV.EPI:DSD_AIR_GHG@DF_AIR_GHG(1.0),,I,ITA,,A,,GHG,,_T,,KG_CO2E_PS,,2017,,7.159425,,A,,3,,,,,,2,,,
DATAFLOW,OECD.ENV.EPI:DSD_AIR_GHG@DF_AIR_GHG(1.0),,I,JPN,,A,,GHG,,_T,,KG_CO2E_PS,,2017,,9.992245,,A,,3,,,,,,2,,,
DATAFLOW,OECD.ENV.EPI:DSD_AIR_GHG@DF_AIR_GHG(1.0),,I,KOR,,A,,GHG,,_T,,KG_CO2E_PS,,2017,,14.74389,,A,,3,,,,,,2,,,
DATAFLOW,OECD.ENV.EPI:DSD_AIR_GHG@DF_AIR_GHG(1.0),,I,LVA,,A,,GHG,,_T,,KG_CO2E_PS,,2017,,5.551417,,A,,3,,,,,,2,,,
DATAFLOW,OECD.ENV.EPI:DSD_AIR_GHG@DF_AIR_GHG(1.0),,I,LTU,,A,,GHG,,_T,,KG_CO2E_PS,,2017,,7.007361,,A,,3,,,,,,2,,,
DATAFLOW,OECD.ENV.EPI:DSD_AIR_GHG@DF_AIR_GHG(1.0),,I,LUX,,A,,GHG,,_T,,KG_CO2E_PS,,2017,,17.24055,,A,,3,,,,,,2,,,
DATAFLOW,OECD.ENV.EPI:DSD_AIR_GHG@DF_AIR_GHG(1.0),,I,MEX,,A,,GHG,,_T,,KG_CO2E_PS,,2017,,6.142427,,A,,3,,,,,,2,,,
DATAFLOW,OECD.ENV.EPI:DSD_AIR_GHG@DF_AIR_GHG(1.0),,I,NLD,,A,,GHG,,_T,,KG_CO2E_PS,,2017,,11.09322,,A,,3,,,,,,2,,,
DATAFLOW,OECD.ENV.EPI:DSD_AIR_GHG@DF_AIR_GHG(1.0),,I,NZL,,A,,GHG,,_T,,KG_CO2E_PS,,2017,,17.17259,,A,,3,,,,,,2,,,
DATAFLOW,OECD.ENV.EPI:DSD_AIR_GHG@DF_AIR_GHG(1.0),,I,NOR,,A,,GHG,,_T,,KG_CO2E_PS,,2017,,9.982174,,A,,3,,,,,,2,,,
DATAFLOW,OECD.ENV.EPI:DSD_AIR_GHG@DF_AIR_GHG(1.0),,I,POL,,A,,GHG,,_T,,KG_CO2E_PS,,2017,,10.66434,,A,,3,,,,,,2,,,
DATAFLOW,OECD.ENV.EPI:DSD_AIR_GHG@DF_AIR_GHG(1.0),,I,PRT,,A,,GHG,,_T,,KG_CO2E_PS,,2017,,6.846301,,A,,3,,,,,,2,,,
DATAFLOW,OECD.ENV.EPI:DSD_AIR_GHG@DF_AIR_GHG(1.0),,I,SVK,,A,,GHG,,_T,,KG_CO2E_PS,,2017,,7.744914,,A,,3,,,,,,2,,,
DATAFLOW,OECD.ENV.EPI:DSD_AIR_GHG@DF_AIR_GHG(1.0),,I,SVN,,A,,GHG,,_T,,KG_CO2E_PS,,2017,,8.639655,,A,,3,,,,,,2,,,
DATAFLOW,OECD.ENV.EPI:DSD_AIR_GHG@DF_AIR_GHG(1.0),,I,ESP,,A,,GHG,,_T,,KG_CO2E_PS,,2017,,7.111025,,A,,3,,,,,,2,,,
DATAFLOW,OECD.ENV.EPI:DSD_AIR_GHG@DF_AIR_GHG(1.0),,I,SWE,,A,,GHG,,_T,,KG_CO2E_PS,,2017,,5.199349,,A,,3,,,,,,2,,,
DATAFLOW,OECD.ENV.EPI:DSD_AIR_GHG@DF_AIR_GHG(1.0),,I,CHE,,A,,GHG,,_T,,KG_CO2E_PS,,2017,,5.731875,,A,,3,,,,,,2,,,
DATAFLOW,OECD.ENV.EPI:DSD_AIR_GHG@DF_AIR_GHG(1.0),,I,TUR,,A,,GHG,,_T,,KG_CO2E_PS,,2017,,6.407755,,A,,3,,,,,,2,,,
DATAFLOW,OECD.ENV.EPI:DSD_AIR_GHG@DF_AIR_GHG(1.0),,I,GBR,,A,,GHG,,_T,,KG_CO2E_PS,,2017,,7.134717,,A,,3,,,,,,2,,,
DATAFLOW,OECD.ENV.EPI:DSD_AIR_GHG@DF_AIR_GHG(1.0),,I,USA,,A,,GHG,,_T,,KG_CO2E_PS,,2017,,19.71985,,A,,3,,,,,,2,,,
DATAFLOW,OECD.ENV.EPI:DSD_AIR_GHG@DF_AIR_GHG(1.0),,I,EU27_2020,,A,,GHG,,_T,,KG_CO2E_PS,,2017,,8.586848,,A,,3,,,,,,2,,,
DATAFLOW,OECD.ENV.EPI:DSD_AIR_GHG@DF_AIR_GHG(1.0),,I,OECD,,A,,GHG,,_T,,KG_CO2E_PS,,2017,,11.6521,,A,,3,,,,,,2,,,
DATAFLOW,OECD.ENV.EPI:DSD_AIR_GHG@DF_AIR_GHG(1.0),,I,OECDA,,A,,GHG,,_T,,KG_CO2E_PS,,2017,,14.77639,,A,,3,,,,,,2,,,
DATAFLOW,OECD.ENV.EPI:DSD_AIR_GHG@DF_AIR_GHG(1.0),,I,OECDSO,,A,,GHG,,_T,,KG_CO2E_PS,,2017,,12.72441,,A,,3,,,,,,2,,,
DATAFLOW,OECD.ENV.EPI:DSD_AIR_GHG@DF_AIR_GHG(1.0),,I,OECDE,,A,,GHG,,_T,,KG_CO2E_PS,,2017,,8.193707,,A,,3,,,,,,2,,,
DATAFLOW,OECD.ENV.EPI:DSD_AIR_GHG@DF_AIR_GHG(1.0),,I,DZA,,A,,GHG,,_T,,KG_CO2E_PS,,2017,,5.087825,,A,,3,,,,,,2,,,
DATAFLOW,OECD.ENV.EPI:DSD_AIR_GHG@DF_AIR_GHG(1.0),,I,ARG,,A,,GHG,,_T,,KG_CO2E_PS,,2017,,7.752652,,A,,3,,,,,,2,,,
DATAFLOW,OECD.ENV.EPI:DSD_AIR_GHG@DF_AIR_GHG(1.0),,I,BLR,,A,,GHG,,_T,,KG_CO2E_PS,,2017,,9.421781,,A,,3,,,,,,2,,,
DATAFLOW,OECD.ENV.EPI:DSD_AIR_GHG@DF_AIR_GHG(1.0),,I,BRA,,A,,GHG,,_T,,KG_CO2E_PS,,2017,,5.765045,,A,,3,,,,,,2,,,
DATAFLOW,OECD.ENV.EPI:DSD_AIR_GHG@DF_AIR_GHG(1.0),,I,BRN,,A,,GHG,,_T,,KG_CO2E_PS,,2017,,25.98647,,A,,3,,,,,,2,,,
DATAFLOW,OECD.ENV.EPI:DSD_AIR_GHG@DF_AIR_GHG(1.0),,I,BGR,,A,,GHG,,_T,,KG_CO2E_PS,,2017,,8.421081,,A,,3,,,,,,2,,,
DATAFLOW,OECD.ENV.EPI:DSD_AIR_GHG@DF_AIR_GHG(1.0),,I,CIV,,A,,GHG,,_T,,KG_CO2E_PS,,2017,,1.741144,,A,,3,,,,,,2,,,
DATAFLOW,OECD.ENV.EPI:DSD_AIR_GHG@DF_AIR_GHG(1.0),,I,HRV,,A,,GHG,,_T,,KG_CO2E_PS,,2017,,6.318025,,A,,3,,,,,,2,,,
DATAFLOW,OECD.ENV.EPI:DSD_AIR_GHG@DF_AIR_GHG(1.0),,I,CUB,,A,,GHG,,_T,,KG_CO2E_PS,,2017,,4.84334,,A,,3,,,,,,2,,,
DATAFLOW,OECD.ENV.EPI:DSD_AIR_GHG@DF_AIR_GHG(1.0),,I,CYP,,A,,GHG,,_T,,KG_CO2E_PS,,2017,,7.117575,,A,,3,,,,,,2,,,
DATAFLOW,OECD.ENV.EPI:DSD_AIR_GHG@DF_AIR_GHG(1.0),,I,EGY,,A,,GHG,,_T,,KG_CO2E_PS,,2017,,3.436196,,A,,3,,,,,,2,,,
DATAFLOW,OECD.ENV.EPI:DSD_AIR_GHG@DF_AIR_GHG(1.0),,I,GEO,,A,,GHG,,_T,,KG_CO2E_PS,,2017,,4.690071,,A,,3,,,,,,2,,,
DATAFLOW,OECD.ENV.EPI:DSD_AIR_GHG@DF_AIR_GHG(1.0),,I,GHA,,A,,GHG,,_T,,KG_CO2E_PS,,2017,,1.265825,,A,,3,,,,,,2,,,
DATAFLOW,OECD.ENV.EPI:DSD_AIR_GHG@DF_AIR_GHG(1.0),,I,GTM,,A,,GHG,,_T,,KG_CO2E_PS,,2017,,1.852833,,A,,3,,,,,,2,,,
DATAFLOW,OECD.ENV.EPI:DSD_AIR_GHG@DF_AIR_GHG(1.0),,I,GNB,,A,,GHG,,_T,,KG_CO2E_PS,,2017,,0.7177915,,A,,3,,,,,,2,,,
DATAFLOW,OECD.ENV.EPI:DSD_AIR_GHG@DF_AIR_GHG(1.0),,I,GUY,,A,,GHG,,_T,,KG_CO2E_PS,,2017,,6.172941,,A,,3,,,,,,2,,,
DATAFLOW,OECD.ENV.EPI:DSD_AIR_GHG@DF_AIR_GHG(1.0),,I,VAT,,A,,GHG,,_T,,KG_CO2E_PS,,2017,,30.69888,,A,,3,,,,,,2,,,
DATAFLOW,OECD.ENV.EPI:DSD_AIR_GHG@DF_AIR_GHG(1.0),,I,IDN,,A,,GHG,,_T,,KG_CO2E_PS,,2017,,3.26231,,A,,3,,,,,,2,,,
DATAFLOW,OECD.ENV.EPI:DSD_AIR_GHG@DF_AIR_GHG(1.0),,I,KAZ,,A,,GHG,,_T,,KG_CO2E_PS,,2017,,20.84414,,A,,3,,,,,,2,,,
DATAFLOW,OECD.ENV.EPI:DSD_AIR_GHG@DF_AIR_GHG(1.0),,I,KEN,,A,,GHG,,_T,,KG_CO2E_PS,,2017,,1.201175,,A,,3,,,,,,2,,,
DATAFLOW,OECD.ENV.EPI:DSD_AIR_GHG@DF_AIR_GHG(1.0),,I,LIE,,A,,GHG,,_T,,KG_CO2E_PS,,2017,,5.090501,,A,,3,,,,,,2,,,
DATAFLOW,OECD.ENV.EPI:DSD_AIR_GHG@DF_AIR_GHG(1.0),,I,MYS,,A,,GHG,,_T,,KG_CO2E_PS,,2017,,9.808034,,A,,3,,,,,,2,,,
DATAFLOW,OECD.ENV.EPI:DSD_AIR_GHG@DF_AIR_GHG(1.0),,I,MDV,,A,,GHG,,_T,,KG_CO2E_PS,,2017,,3.957199,,A,,3,,,,,,2,,,
DATAFLOW,OECD.ENV.EPI:DSD_AIR_GHG@DF_AIR_GHG(1.0),,I,MLT,,A,,GHG,,_T,,KG_CO2E_PS,,2017,,4.311118,,A,,3,,,,,,2,,,
DATAFLOW,OECD.ENV.EPI:DSD_AIR_GHG@DF_AIR_GHG(1.0),,I,MUS,,A,,GHG,,_T,,KG_CO2E_PS,,2017,,4.435731,,A,,3,,,,,,2,,,
DATAFLOW,OECD.ENV.EPI:DSD_AIR_GHG@DF_AIR_GHG(1.0),,I,MDA,,A,,GHG,,_T,,KG_CO2E_PS,,2017,,4.155583,,A,,3,,,,,,2,,,
DATAFLOW,OECD.ENV.EPI:DSD_AIR_GHG@DF_AIR_GHG(1.0),,I,MCO,,A,,GHG,,_T,,KG_CO2E_PS,,2017,,2.212514,,A,,3,,,,,,2,,,
DATAFLOW,OECD.ENV.EPI:DSD_AIR_GHG@DF_AIR_GHG(1.0),,I,NAM,,A,,GHG,,_T,,KG_CO2E_PS,,2017,,4.37755,,A,,3,,,,,,2,,,
DATAFLOW,OECD.ENV.EPI:DSD_AIR_GHG@DF_AIR_GHG(1.0),,I,NPL,,A,,GHG,,_T,,KG_CO2E_PS,,2017,,1.670359,,A,,3,,,,,,2,,,
DATAFLOW,OECD.ENV.EPI:DSD_AIR_GHG@DF_AIR_GHG(1.0),,I,NGA,,A,,GHG,,_T,,KG_CO2E_PS,,2017,,1.497191,,A,,3,,,,,,2,,,
DATAFLOW,OECD.ENV.EPI:DSD_AIR_GHG@DF_AIR_GHG(1.0),,I,PAN,,A,,GHG,,_T,,KG_CO2E_PS,,2017,,4.376703,,A,,3,,,,,,2,,,
DATAFLOW,OECD.ENV.EPI:DSD_AIR_GHG@DF_AIR_GHG(1.0),,I,PER,,A,,GHG,,_T,,KG_CO2E_PS,,2017,,3.230646,,A,,3,,,,,,2,,,
DATAFLOW,OECD.ENV.EPI:DSD_AIR_GHG@DF_AIR_GHG(1.0),,I,ROU,,A,,GHG,,_T,,KG_CO2E_PS,,2017,,5.98312,,A,,3,,,,,,2,,,
DATAFLOW,OECD.ENV.EPI:DSD_AIR_GHG@DF_AIR_GHG(1.0),,I,RUS,,A,,GHG,,_T,,KG_CO2E_PS,,2017,,13.67797,,A,,3,,,,,,2,,,
DATAFLOW,OECD.ENV.EPI:DSD_AIR_GHG@DF_AIR_GHG(1.0),,I,RWA,,A,,GHG,,_T,,KG_CO2E_PS,,2017,,0.7771127,,A,,3,,,,,,2,,,
DATAFLOW,OECD.ENV.EPI:DSD_AIR_GHG@DF_AIR_GHG(1.0),,I,SRB,,A,,GHG,,_T,,KG_CO2E_PS,,2017,,9.189626,,A,,3,,,,,,2,,,
DATAFLOW,OECD.ENV.EPI:DSD_AIR_GHG@DF_AIR_GHG(1.0),,I,SGP,,A,,GHG,,_T,,KG_CO2E_PS,,2017,,10.00177,,A,,3,,,,,,2,,,
DATAFLOW,OECD.ENV.EPI:DSD_AIR_GHG@DF_AIR_GHG(1.0),,I,SLB,,A,,GHG,,_T,,KG_CO2E_PS,,2017,,0.8774037,,A,,3,,,,,,2,,,
DATAFLOW,OECD.ENV.EPI:DSD_AIR_GHG@DF_AIR_GHG(1.0),,I,ZAF,,A,,GHG,,_T,,KG_CO2E_PS,,2017,,8.678108,,A,,3,,,,,,2,,,
DATAFLOW,OECD.ENV.EPI:DSD_AIR_GHG@DF_AIR_GHG(1.0),,I,UKR,,A,,GHG,,_T,,KG_CO2E_PS,,2017,,7.236908,,A,,3,,,,,,2,,,
DATAFLOW,OECD.ENV.EPI:DSD_AIR_GHG@DF_AIR_GHG(1.0),,I,UZB,,A,,GHG,,_T,,KG_CO2E_PS,,2017,,5.397403,,A,,3,,,,,,2,,,
DATAFLOW,OECD.ENV.EPI:DSD_AIR_GHG@DF_AIR_GHG(1.0),,I,VEN,,A,,GHG,,_T,,KG_CO2E_PS,,2017,,7.086742,,A,,3,,,,,,2,,,
DATAFLOW,OECD.ENV.EPI:DSD_AIR_GHG@DF_AIR_GHG(1.0),,I,AUS,,A,,GHG,,_T,,KG_CO2E_PS,,2015,,22.76201,,A,,3,,,,,,2,,,
DATAFLOW,OECD.ENV.EPI:DSD_AIR_GHG@DF_AIR_GHG(1.0),,I,AUT,,A,,GHG,,_T,,KG_CO2E_PS,,2015,,9.180776,,A,,3,,,,,,2,,,
DATAFLOW,OECD.ENV.EPI:DSD_AIR_GHG@DF_AIR_GHG(1.0),,I,BEL,,A,,GHG,,_T,,KG_CO2E_PS,,2015,,10.52475,,A,,3,,,,,,2,,,
DATAFLOW,OECD.ENV.EPI:DSD_AIR_GHG@DF_AIR_GHG(1.0),,I,CAN,,A,,GHG,,_T,,KG_CO2E_PS,,2015,,20.63403,,A,,3,,,,,,2,,,
DATAFLOW,OECD.ENV.EPI:DSD_AIR_GHG@DF_AIR_GHG(1.0),,I,CHL,,A,,GHG,,_T,,KG_CO2E_PS,,2015,,5.585496,,A,,3,,,,,,2,,,
DATAFLOW,OECD.ENV.EPI:DSD_AIR_GHG@DF_AIR_GHG(1.0),,I,COL,,A,,GHG,,_T,,KG_CO2E_PS,,2015,,3.604959,,A,,3,,,,,,2,,,
DATAFLOW,OECD.ENV.EPI:DSD_AIR_GHG@DF_AIR_GHG(1.0),,I,CRI,,A,,GHG,,_T,,KG_CO2E_PS,,2015,,2.995665,,A,,3,,,,,,2,,,
DATAFLOW,OECD.ENV.EPI:DSD_AIR_GHG@DF_AIR_GHG(1.0),,I,CZE,,A,,GHG,,_T,,KG_CO2E_PS,,2015,,11.94751,,A,,3,,,,,,2,,,
DATAFLOW,OECD.ENV.EPI:DSD_AIR_GHG@DF_AIR_GHG(1.0),,I,DNK,,A,,GHG,,_T,,KG_CO2E_PS,,2015,,8.831057,,A,,3,,,,,,2,,,
DATAFLOW,OECD.ENV.EPI:DSD_AIR_GHG@DF_AIR_GHG(1.0),,I,EST,,A,,GHG,,_T,,KG_CO2E_PS,,2015,,13.6325,,A,,3,,,,,,2,,,
DATAFLOW,OECD.ENV.EPI:DSD_AIR_GHG@DF_AIR_GHG(1.0),,I,FIN,,A,,GHG,,_T,,KG_CO2E_PS,,2015,,10.04057,,A,,3,,,,,,2,,,
DATAFLOW,OECD.ENV.EPI:DSD_AIR_GHG@DF_AIR_GHG(1.0),,I,FRA,,A,,GHG,,_T,,KG_CO2E_PS,,2015,,7.074852,,A,,3,,,,,,2,,,
DATAFLOW,OECD.ENV.EPI:DSD_AIR_GHG@DF_AIR_GHG(1.0),,I,DEU,,A,,GHG,,_T,,KG_CO2E_PS,,2015,,10.98749,,A,,3,,,,,,2,,,
DATAFLOW,OECD.ENV.EPI:DSD_AIR_GHG@DF_AIR_GHG(1.0),,I,GRC,,A,,GHG,,_T,,KG_CO2E_PS,,2015,,8.878441,,A,,3,,,,,,2,,,
DATAFLOW,OECD.ENV.EPI:DSD_AIR_GHG@DF_AIR_GHG(1.0),,I,HUN,,A,,GHG,,_T,,KG_CO2E_PS,,2015,,6.342242,,A,,3,,,,,,2,,,
DATAFLOW,OECD.ENV.EPI:DSD_AIR_GHG@DF_AIR_GHG(1.0),,I,ISL,,A,,GHG,,_T,,KG_CO2E_PS,,2015,,14.63909,,A,,3,,,,,,2,,,
DATAFLOW,OECD.ENV.EPI:DSD_AIR_GHG@DF_AIR_GHG(1.0),,I,IRL,,A,,GHG,,_T,,KG_CO2E_PS,,2015,,12.84987,,A,,3,,,,,,2,,,
DATAFLOW,OECD.ENV.EPI:DSD_AIR_GHG@DF_AIR_GHG(1.0),,I,ISR,,A,,GHG,,_T,,KG_CO2E_PS,,2015,,10.04037,,A,,3,,,,,,2,,,
DATAFLOW,OECD.ENV.EPI:DSD_AIR_GHG@DF_AIR_GHG(1.0),,I,ITA,,A,,GHG,,_T,,KG_CO2E_PS,,2015,,7.306344,,A,,3,,,,,,2,,,
DATAFLOW,OECD.ENV.EPI:DSD_AIR_GHG@DF_AIR_GHG(1.0),,I,JPN,,A,,GHG,,_T,,KG_CO2E_PS,,2015,,10.23948,,A,,3,,,,,,2,,,
DATAFLOW,OECD.ENV.EPI:DSD_AIR_GHG@DF_AIR_GHG(1.0),,I,KOR,,A,,GHG,,_T,,KG_CO2E_PS,,2015,,14.24184,,A,,3,,,,,,2,,,
DATAFLOW,OECD.ENV.EPI:DSD_AIR_GHG@DF_AIR_GHG(1.0),,I,LVA,,A,,GHG,,_T,,KG_CO2E_PS,,2015,,5.437304,,A,,3,,,,,,2,,,
DATAFLOW,OECD.ENV.EPI:DSD_AIR_GHG@DF_AIR_GHG(1.0),,I,LTU,,A,,GHG,,_T,,KG_CO2E_PS,,2015,,6.762146,,A,,3,,,,,,2,,,
DATAFLOW,OECD.ENV.EPI:DSD_AIR_GHG@DF_AIR_GHG(1.0),,I,LUX,,A,,GHG,,_T,,KG_CO2E_PS,,2015,,18.14989,,A,,3,,,,,,2,,,
DATAFLOW,OECD.ENV.EPI:DSD_AIR_GHG@DF_AIR_GHG(1.0),,I,MEX,,A,,GHG,,_T,,KG_CO2E_PS,,2015,,6.157423,,A,,3,,,,,,2,,,
DATAFLOW,OECD.ENV.EPI:DSD_AIR_GHG@DF_AIR_GHG(1.0),,I,NLD,,A,,GHG,,_T,,KG_CO2E_PS,,2015,,11.35148,,A,,3,,,,,,2,,,
DATAFLOW,OECD.ENV.EPI:DSD_AIR_GHG@DF_AIR_GHG(1.0),,I,NZL,,A,,GHG,,_T,,KG_CO2E_PS,,2015,,18.05449,,A,,3,,,,,,2,,,
DATAFLOW,OECD.ENV.EPI:DSD_AIR_GHG@DF_AIR_GHG(1.0),,I,NOR,,A,,GHG,,_T,,KG_CO2E_PS,,2015,,10.4499,,A,,3,,,,,,2,,,
DATAFLOW,OECD.ENV.EPI:DSD_AIR_GHG@DF_AIR_GHG(1.0),,I,POL,,A,,GHG,,_T,,KG_CO2E_PS,,2015,,9.996041,,A,,3,,,,,,2,,,
DATAFLOW,OECD.ENV.EPI:DSD_AIR_GHG@DF_AIR_GHG(1.0),,I,PRT,,A,,GHG,,_T,,KG_CO2E_PS,,2015,,6.502329,,A,,3,,,,,,2,,,
DATAFLOW,OECD.ENV.EPI:DSD_AIR_GHG@DF_AIR_GHG(1.0),,I,SVK,,A,,GHG,,_T,,KG_CO2E_PS,,2015,,7.453356,,A,,3,,,,,,2,,,
DATAFLOW,OECD.ENV.EPI:DSD_AIR_GHG@DF_AIR_GHG(1.0),,I,SVN,,A,,GHG,,_T,,KG_CO2E_PS,,2015,,8.179931,,A,,3,,,,,,2,,,
DATAFLOW,OECD.ENV.EPI:DSD_AIR_GHG@DF_AIR_GHG(1.0),,I,ESP,,A,,GHG,,_T,,KG_CO2E_PS,,2015,,7.110942,,A,,3,,,,,,2,,,
DATAFLOW,OECD.ENV.EPI:DSD_AIR_GHG@DF_AIR_GHG(1.0),,I,SWE,,A,,GHG,,_T,,KG_CO2E_PS,,2015,,5.437399,,A,,3,,,,,,2,,,
DATAFLOW,OECD.ENV.EPI:DSD_AIR_GHG@DF_AIR_GHG(1.0),,I,CHE,,A,,GHG,,_T,,KG_CO2E_PS,,2015,,5.914449,,A,,3,,,,,,2,,,
DATAFLOW,OECD.ENV.EPI:DSD_AIR_GHG@DF_AIR_GHG(1.0),,I,TUR,,A,,GHG,,_T,,KG_CO2E_PS,,2015,,6.017152,,A,,3,,,,,,2,,,
DATAFLOW,OECD.ENV.EPI:DSD_AIR_GHG@DF_AIR_GHG(1.0),,I,GBR,,A,,GHG,,_T,,KG_CO2E_PS,,2015,,7.837874,,A,,3,,,,,,2,,,
DATAFLOW,OECD.ENV.EPI:DSD_AIR_GHG@DF_AIR_GHG(1.0),,I,USA,,A,,GHG,,_T,,KG_CO2E_PS,,2015,,20.65523,,A,,3,,,,,,2,,,
DATAFLOW,OECD.ENV.EPI:DSD_AIR_GHG@DF_AIR_GHG(1.0),,I,EU27_2020,,A,,GHG,,_T,,KG_CO2E_PS,,2015,,8.58125,,A,,3,,,,,,2,,,
DATAFLOW,OECD.ENV.EPI:DSD_AIR_GHG@DF_AIR_GHG(1.0),,I,OECD,,A,,GHG,,_T,,KG_CO2E_PS,,2015,,11.91635,,A,,3,,,,,,2,,,
DATAFLOW,OECD.ENV.EPI:DSD_AIR_GHG@DF_AIR_GHG(1.0),,I,OECDA,,A,,GHG,,_T,,KG_CO2E_PS,,2015,,15.38434,,A,,3,,,,,,2,,,
DATAFLOW,OECD.ENV.EPI:DSD_AIR_GHG@DF_AIR_GHG(1.0),,I,OECDSO,,A,,GHG,,_T,,KG_CO2E_PS,,2015,,12.74585,,A,,3,,,,,,2,,,
DATAFLOW,OECD.ENV.EPI:DSD_AIR_GHG@DF_AIR_GHG(1.0),,I,OECDE,,A,,GHG,,_T,,KG_CO2E_PS,,2015,,8.24049,,A,,3,,,,,,2,,,
DATAFLOW,OECD.ENV.EPI:DSD_AIR_GHG@DF_AIR_GHG(1.0),,I,DZA,,A,,GHG,,_T,,KG_CO2E_PS,,2015,,5.177589,,A,,3,,,,,,2,,,
DATAFLOW,OECD.ENV.EPI:DSD_AIR_GHG@DF_AIR_GHG(1.0),,I,ARG,,A,,GHG,,_T,,KG_CO2E_PS,,2015,,7.907748,,A,,3,,,,,,2,,,
DATAFLOW,OECD.ENV.EPI:DSD_AIR_GHG@DF_AIR_GHG(1.0),,I,BLR,,A,,GHG,,_T,,KG_CO2E_PS,,2015,,9.338513,,A,,3,,,,,,2,,,
DATAFLOW,OECD.ENV.EPI:DSD_AIR_GHG@DF_AIR_GHG(1.0),,I,BRA,,A,,GHG,,_T,,KG_CO2E_PS,,2015,,5.898276,,A,,3,,,,,,2,,,
DATAFLOW,OECD.ENV.EPI:DSD_AIR_GHG@DF_AIR_GHG(1.0),,I,BRN,,A,,GHG,,_T,,KG_CO2E_PS,,2015,,26.25471,,A,,3,,,,,,2,,,
DATAFLOW,OECD.ENV.EPI:DSD_AIR_GHG@DF_AIR_GHG(1.0),,I,BGR,,A,,GHG,,_T,,KG_CO2E_PS,,2015,,8.418443,,A,,3,,,,,,2,,,
DATAFLOW,OECD.ENV.EPI:DSD_AIR_GHG@DF_AIR_GHG(1.0),,I,CIV,,A,,GHG,,_T,,KG_CO2E_PS,,2015,,1.878543,,A,,3,,,,,,2,,,
DATAFLOW,OECD.ENV.EPI:DSD_AIR_GHG@DF_AIR_GHG(1.0),,I,HRV,,A,,GHG,,_T,,KG_CO2E_PS,,2015,,5.916793,,A,,3,,,,,,2,,,
DATAFLOW,OECD.ENV.EPI:DSD_AIR_GHG@DF_AIR_GHG(1.0),,I,CUB,,A,,GHG,,_T,,KG_CO2E_PS,,2015,,5.264931,,A,,3,,,,,,2,,,
DATAFLOW,OECD.ENV.EPI:DSD_AIR_GHG@DF_AIR_GHG(1.0),,I,CYP,,A,,GHG,,_T,,KG_CO2E_PS,,2015,,6.822128,,A,,3,,,,,,2,,,
DATAFLOW,OECD.ENV.EPI:DSD_AIR_GHG@DF_AIR_GHG(1.0),,I,EGY,,A,,GHG,,_T,,KG_CO2E_PS,,2015,,3.355361,,A,,3,,,,,,2,,,
DATAFLOW,OECD.ENV.EPI:DSD_AIR_GHG@DF_AIR_GHG(1.0),,I,GEO,,A,,GHG,,_T,,KG_CO2E_PS,,2015,,4.87484,,A,,3,,,,,,2,,,
DATAFLOW,OECD.ENV.EPI:DSD_AIR_GHG@DF_AIR_GHG(1.0),,I,GHA,,A,,GHG,,_T,,KG_CO2E_PS,,2015,,1.141843,,A,,3,,,,,,2,,,
DATAFLOW,OECD.ENV.EPI:DSD_AIR_GHG@DF_AIR_GHG(1.0),,I,GTM,,A,,GHG,,_T,,KG_CO2E_PS,,2015,,1.855356,,A,,3,,,,,,2,,,
DATAFLOW,OECD.ENV.EPI:DSD_AIR_GHG@DF_AIR_GHG(1.0),,I,GNB,,A,,GHG,,_T,,KG_CO2E_PS,,2015,,0.7274069,,A,,3,,,,,,2,,,
DATAFLOW,OECD.ENV.EPI:DSD_AIR_GHG@DF_AIR_GHG(1.0),,I,GUY,,A,,GHG,,_T,,KG_CO2E_PS,,2015,,6.085563,,A,,3,,,,,,2,,,
DATAFLOW,OECD.ENV.EPI:DSD_AIR_GHG@DF_AIR_GHG(1.0),,I,VAT,,A,,GHG,,_T,,KG_CO2E_PS,,2015,,30.24434,,A,,3,,,,,,2,,,
DATAFLOW,OECD.ENV.EPI:DSD_AIR_GHG@DF_AIR_GHG(1.0),,I,IDN,,A,,GHG,,_T,,KG_CO2E_PS,,2015,,3.153344,,A,,3,,,,,,2,,,
DATAFLOW,OECD.ENV.EPI:DSD_AIR_GHG@DF_AIR_GHG(1.0),,I,KAZ,,A,,GHG,,_T,,KG_CO2E_PS,,2015,,20.38768,,A,,3,,,,,,2,,,
DATAFLOW,OECD.ENV.EPI:DSD_AIR_GHG@DF_AIR_GHG(1.0),,I,KEN,,A,,GHG,,_T,,KG_CO2E_PS,,2015,,1.18458,,A,,3,,,,,,2,,,
DATAFLOW,OECD.ENV.EPI:DSD_AIR_GHG@DF_AIR_GHG(1.0),,I,LIE,,A,,GHG,,_T,,KG_CO2E_PS,,2015,,5.279607,,A,,3,,,,,,2,,,
DATAFLOW,OECD.ENV.EPI:DSD_AIR_GHG@DF_AIR_GHG(1.0),,I,MYS,,A,,GHG,,_T,,KG_CO2E_PS,,2015,,10.1734,,A,,3,,,,,,2,,,
DATAFLOW,OECD.ENV.EPI:DSD_AIR_GHG@DF_AIR_GHG(1.0),,I,MDV,,A,,GHG,,_T,,KG_CO2E_PS,,2015,,3.612897,,A,,3,,,,,,2,,,
DATAFLOW,OECD.ENV.EPI:DSD_AIR_GHG@DF_AIR_GHG(1.0),,I,MLT,,A,,GHG,,_T,,KG_CO2E_PS,,2015,,4.82424,,A,,3,,,,,,2,,,
DATAFLOW,OECD.ENV.EPI:DSD_AIR_GHG@DF_AIR_GHG(1.0),,I,MUS,,A,,GHG,,_T,,KG_CO2E_PS,,2015,,4.04746,,A,,3,,,,,,2,,,
DATAFLOW,OECD.ENV.EPI:DSD_AIR_GHG@DF_AIR_GHG(1.0),,I,MDA,,A,,GHG,,_T,,KG_CO2E_PS,,2015,,4.00439,,A,,3,,,,,,2,,,
DATAFLOW,OECD.ENV.EPI:DSD_AIR_GHG@DF_AIR_GHG(1.0),,I,MCO,,A,,GHG,,_T,,KG_CO2E_PS,,2015,,2.395645,,A,,3,,,,,,2,,,
DATAFLOW,OECD.ENV.EPI:DSD_AIR_GHG@DF_AIR_GHG(1.0),,I,NAM,,A,,GHG,,_T,,KG_CO2E_PS,,2015,,4.74826,,A,,3,,,,,,2,,,
DATAFLOW,OECD.ENV.EPI:DSD_AIR_GHG@DF_AIR_GHG(1.0),,I,NPL,,A,,GHG,,_T,,KG_CO2E_PS,,2015,,1.539005,,A,,3,,,,,,2,,,
DATAFLOW,OECD.ENV.EPI:DSD_AIR_GHG@DF_AIR_GHG(1.0),,I,NGA,,A,,GHG,,_T,,KG_CO2E_PS,,2015,,1.524813,,A,,3,,,,,,2,,,
DATAFLOW,OECD.ENV.EPI:DSD_AIR_GHG@DF_AIR_GHG(1.0),,I,PAN,,A,,GHG,,_T,,KG_CO2E_PS,,2015,,4.493486,,A,,3,,,,,,2,,,
DATAFLOW,OECD.ENV.EPI:DSD_AIR_GHG@DF_AIR_GHG(1.0),,I,PER,,A,,GHG,,_T,,KG_CO2E_PS,,2015,,3.211313,,A,,3,,,,,,2,,,
DATAFLOW,OECD.ENV.EPI:DSD_AIR_GHG@DF_AIR_GHG(1.0),,I,ROU,,A,,GHG,,_T,,KG_CO2E_PS,,2015,,5.878012,,A,,3,,,,,,2,,,
DATAFLOW,OECD.ENV.EPI:DSD_AIR_GHG@DF_AIR_GHG(1.0),,I,RUS,,A,,GHG,,_T,,KG_CO2E_PS,,2015,,13.54438,,A,,3,,,,,,2,,,
DATAFLOW,OECD.ENV.EPI:DSD_AIR_GHG@DF_AIR_GHG(1.0),,I,RWA,,A,,GHG,,_T,,KG_CO2E_PS,,2015,,0.8212945,,A,,3,,,,,,2,,,
DATAFLOW,OECD.ENV.EPI:DSD_AIR_GHG@DF_AIR_GHG(1.0),,I,SRB,,A,,GHG,,_T,,KG_CO2E_PS,,2015,,8.753469,,A,,3,,,,,,2,,,
DATAFLOW,OECD.ENV.EPI:DSD_AIR_GHG@DF_AIR_GHG(1.0),,I,SGP,,A,,GHG,,_T,,KG_CO2E_PS,,2015,,9.832285,,A,,3,,,,,,2,,,
DATAFLOW,OECD.ENV.EPI:DSD_AIR_GHG@DF_AIR_GHG(1.0),,I,SLB,,A,,GHG,,_T,,KG_CO2E_PS,,2015,,0.8123034,,A,,3,,,,,,2,,,
DATAFLOW,OECD.ENV.EPI:DSD_AIR_GHG@DF_AIR_GHG(1.0),,I,ZAF,,A,,GHG,,_T,,KG_CO2E_PS,,2015,,9.035033,,A,,3,,,,,,2,,,
DATAFLOW,OECD.ENV.EPI:DSD_AIR_GHG@DF_AIR_GHG(1.0),,I,UKR,,A,,GHG,,_T,,KG_CO2E_PS,,2015,,7.093762,,A,,3,,,,,,2,,,
DATAFLOW,OECD.ENV.EPI:DSD_AIR_GHG@DF_AIR_GHG(1.0),,I,UZB,,A,,GHG,,_T,,KG_CO2E_PS,,2015,,5.430871,,A,,3,,,,,,2,,,
DATAFLOW,OECD.ENV.EPI:DSD_AIR_GHG@DF_AIR_GHG(1.0),,I,VEN,,A,,GHG,,_T,,KG_CO2E_PS,,2015,,7.611277,,A,,3,,,,,,2,,,
DATAFLOW,OECD.ENV.EPI:DSD_AIR_GHG@DF_AIR_GHG(1.0),,I,AUS,,A,,GHG,,_T,,KG_CO2E_PS,,2022,,19.98485,,A,,3,,,,,,2,,,
DATAFLOW,OECD.ENV.EPI:DSD_AIR_GHG@DF_AIR_GHG(1.0),,I,AUT,,A,,GHG,,_T,,KG_CO2E_PS,,2022,,8.110068,,A,,3,,,,,,2,,,
DATAFLOW,OECD.ENV.EPI:DSD_AIR_GHG@DF_AIR_GHG(1.0),,I,BEL,,A,,GHG,,_T,,KG_CO2E_PS,,2022,,8.845402,,A,,3,,,,,,2,,,
DATAFLOW,OECD.ENV.EPI:DSD_AIR_GHG@DF_AIR_GHG(1.0),,I,CAN,,A,,GHG,,_T,,KG_CO2E_PS,,2022,,18.02878,,A,,3,,,,,,2,,,
DATAFLOW,OECD.ENV.EPI:DSD_AIR_GHG@DF_AIR_GHG(1.0),,I,CHL,,A,,GHG,,_T,,KG_CO2E_PS,,2022,,5.679356,,A,,3,,,,,,2,,,
DATAFLOW,OECD.ENV.EPI:DSD_AIR_GHG@DF_AIR_GHG(1.0),,I,CZE,,A,,GHG,,_T,,KG_CO2E_PS,,2022,,10.72959,,A,,3,,,,,,2,,,
DATAFLOW,OECD.ENV.EPI:DSD_AIR_GHG@DF_AIR_GHG(1.0),,I,DNK,,A,,GHG,,_T,,KG_CO2E_PS,,2022,,7.198875,,A,,3,,,,,,2,,,
DATAFLOW,OECD.ENV.EPI:DSD_AIR_GHG@DF_AIR_GHG(1.0),,I,EST,,A,,GHG,,_T,,KG_CO2E_PS,,2022,,10.48012,,A,,3,,,,,,2,,,
DATAFLOW,OECD.ENV.EPI:DSD_AIR_GHG@DF_AIR_GHG(1.0),,I,FIN,,A,,GHG,,_T,,KG_CO2E_PS,,2022,,8.196082,,A,,3,,,,,,2,,,
DATAFLOW,OECD.ENV.EPI:DSD_AIR_GHG@DF_AIR_GHG(1.0),,I,FRA,,A,,GHG,,_T,,KG_CO2E_PS,,2022,,6.074304,,A,,3,,,,,,2,,,
DATAFLOW,OECD.ENV.EPI:DSD_AIR_GHG@DF_AIR_GHG(1.0),,I,DEU,,A,,GHG,,_T,,KG_CO2E_PS,,2022,,8.905058,,A,,3,,,,,,2,,,
DATAFLOW,OECD.ENV.EPI:DSD_AIR_GHG@DF_AIR_GHG(1.0),,I,GRC,,A,,GHG,,_T,,KG_CO2E_PS,,2022,,7.468909,,A,,3,,,,,,2,,,
DATAFLOW,OECD.ENV.EPI:DSD_AIR_GHG@DF_AIR_GHG(1.0),,I,HUN,,A,,GHG,,_T,,KG_CO2E_PS,,2022,,6.167502,,A,,3,,,,,,2,,,
DATAFLOW,OECD.ENV.EPI:DSD_AIR_GHG@DF_AIR_GHG(1.0),,I,ISL,,A,,GHG,,_T,,KG_CO2E_PS,,2022,,12.57169,,A,,3,,,,,,2,,,
DATAFLOW,OECD.ENV.EPI:DSD_AIR_GHG@DF_AIR_GHG(1.0),,I,IRL,,A,,GHG,,_T,,KG_CO2E_PS,,2022,,11.53821,,A,,3,,,,,,2,,,
DATAFLOW,OECD.ENV.EPI:DSD_AIR_GHG@DF_AIR_GHG(1.0),,I,ISR,,A,,GHG,,_T,,KG_CO2E_PS,,2022,,8.936344,,A,,3,,,,,,2,,,
DATAFLOW,OECD.ENV.EPI:DSD_AIR_GHG@DF_AIR_GHG(1.0),,I,ITA,,A,,GHG,,_T,,KG_CO2E_PS,,2022,,6.91256,,A,,3,,,,,,2,,,
DATAFLOW,OECD.ENV.EPI:DSD_AIR_GHG@DF_AIR_GHG(1.0),,I,JPN,,A,,GHG,,_T,,KG_CO2E_PS,,2022,,8.91251,,A,,3,,,,,,2,,,
DATAFLOW,OECD.ENV.EPI:DSD_AIR_GHG@DF_AIR_GHG(1.0),,I,KOR,,A,,GHG,,_T,,KG_CO2E_PS,,2022,,13.98723,,A,,3,,,,,,2,,,
DATAFLOW,OECD.ENV.EPI:DSD_AIR_GHG@DF_AIR_GHG(1.0),,I,LVA,,A,,GHG,,_T,,KG_CO2E_PS,,2022,,5.372667,,A,,3,,,,,,2,,,
DATAFLOW,OECD.ENV.EPI:DSD_AIR_GHG@DF_AIR_GHG(1.0),,I,LTU,,A,,GHG,,_T,,KG_CO2E_PS,,2022,,6.529821,,A,,3,,,,,,2,,,
DATAFLOW,OECD.ENV.EPI:DSD_AIR_GHG@DF_AIR_GHG(1.0),,I,LUX,,A,,GHG,,_T,,KG_CO2E_PS,,2022,,12.57329,,A,,3,,,,,,2,,,
DATAFLOW,OECD.ENV.EPI:DSD_AIR_GHG@DF_AIR_GHG(1.0),,I,MEX,,A,,GHG,,_T,,KG_CO2E_PS,,2022,,5.919702,,A,,3,,,,,,2,,,
DATAFLOW,OECD.ENV.EPI:DSD_AIR_GHG@DF_AIR_GHG(1.0),,I,NLD,,A,,GHG,,_T,,KG_CO2E_PS,,2022,,8.550703,,A,,3,,,,,,2,,,
DATAFLOW,OECD.ENV.EPI:DSD_AIR_GHG@DF_AIR_GHG(1.0),,I,NZL,,A,,GHG,,_T,,KG_CO2E_PS,,2022,,15.19625,,A,,3,,,,,,2,,,
DATAFLOW,OECD.ENV.EPI:DSD_AIR_GHG@DF_AIR_GHG(1.0),,I,NOR,,A,,GHG,,_T,,KG_CO2E_PS,,2022,,8.954423,,A,,3,,,,,,2,,,
DATAFLOW,OECD.ENV.EPI:DSD_AIR_GHG@DF_AIR_GHG(1.0),,I,POL,,A,,GHG,,_T,,KG_CO2E_PS,,2022,,9.91145,,A,,3,,,,,,2,,,
DATAFLOW,OECD.ENV.EPI:DSD_AIR_GHG@DF_AIR_GHG(1.0),,I,PRT,,A,,GHG,,_T,,KG_CO2E_PS,,2022,,5.402277,,A,,3,,,,,,2,,,
DATAFLOW,OECD.ENV.EPI:DSD_AIR_GHG@DF_AIR_GHG(1.0),,I,SVK,,A,,GHG,,_T,,KG_CO2E_PS,,2022,,6.731154,,A,,3,,,,,,2,,,
DATAFLOW,OECD.ENV.EPI:DSD_AIR_GHG@DF_AIR_GHG(1.0),,I,SVN,,A,,GHG,,_T,,KG_CO2E_PS,,2022,,7.355082,,A,,3,,,,,,2,,,
DATAFLOW,OECD.ENV.EPI:DSD_AIR_GHG@DF_AIR_GHG(1.0),,I,ESP,,A,,GHG,,_T,,KG_CO2E_PS,,2022,,6.111369,,A,,3,,,,,,2,,,
DATAFLOW,OECD.ENV.EPI:DSD_AIR_GHG@DF_AIR_GHG(1.0),,I,SWE,,A,,GHG,,_T,,KG_CO2E_PS,,2022,,4.214768,,A,,3,,,,,,2,,,
DATAFLOW,OECD.ENV.EPI:DSD_AIR_GHG@DF_AIR_GHG(1.0),,I,CHE,,A,,GHG,,_T,,KG_CO2E_PS,,2022,,4.754273,,A,,3,,,,,,2,,,
DATAFLOW,OECD.ENV.EPI:DSD_AIR_GHG@DF_AIR_GHG(1.0),,I,TUR,,A,,GHG,,_T,,KG_CO2E_PS,,2022,,6.434767,,A,,3,,,,,,2,,,
DATAFLOW,OECD.ENV.EPI:DSD_AIR_GHG@DF_AIR_GHG(1.0),,I,GBR,,A,,GHG,,_T,,KG_CO2E_PS,,2022,,5.954677,,A,,3,,,,,,2,,,
DATAFLOW,OECD.ENV.EPI:DSD_AIR_GHG@DF_AIR_GHG(1.0),,I,USA,,A,,GHG,,_T,,KG_CO2E_PS,,2022,,18.5727,,A,,3,,,,,,2,,,
DATAFLOW,OECD.ENV.EPI:DSD_AIR_GHG@DF_AIR_GHG(1.0),,I,EU27_2020,,A,,GHG,,_T,,KG_CO2E_PS,,2022,,7.507871,,A,,3,,,,,,2,,,
DATAFLOW,OECD.ENV.EPI:DSD_AIR_GHG@DF_AIR_GHG(1.0),,I,OECD,,A,,GHG,,_T,,KG_CO2E_PS,,2022,,10.69744,,A,,3,,,,,,2,,,
DATAFLOW,OECD.ENV.EPI:DSD_AIR_GHG@DF_AIR_GHG(1.0),,I,OECDA,,A,,GHG,,_T,,KG_CO2E_PS,,2022,,13.86399,,A,,3,,,,,,2,,,
DATAFLOW,OECD.ENV.EPI:DSD_AIR_GHG@DF_AIR_GHG(1.0),,I,OECDSO,,A,,GHG,,_T,,KG_CO2E_PS,,2022,,11.60858,,A,,3,,,,,,2,,,
DATAFLOW,OECD.ENV.EPI:DSD_AIR_GHG@DF_AIR_GHG(1.0),,I,OECDE,,A,,GHG,,_T,,KG_CO2E_PS,,2022,,7.203987,,A,,3,,,,,,2,,,
DATAFLOW,OECD.ENV.EPI:DSD_AIR_GHG@DF_AIR_GHG(1.0),,I,DZA,,A,,GHG,,_T,,KG_CO2E_PS,,2022,,5.281784,,A,,3,,,,,,2,,,
DATAFLOW,OECD.ENV.EPI:DSD_AIR_GHG@DF_AIR_GHG(1.0),,I,ARG,,A,,GHG,,_T,,KG_CO2E_PS,,2022,,7.697249,,A,,3,,,,,,2,,,
DATAFLOW,OECD.ENV.EPI:DSD_AIR_GHG@DF_AIR_GHG(1.0),,I,AZE,,A,,GHG,,_T,,KG_CO2E_PS,,2022,,7.256195,,A,,3,,,,,,2,,,
DATAFLOW,OECD.ENV.EPI:DSD_AIR_GHG@DF_AIR_GHG(1.0),,I,BLR,,A,,GHG,,_T,,KG_CO2E_PS,,2022,,9.631652,,A,,3,,,,,,2,,,
DATAFLOW,OECD.ENV.EPI:DSD_AIR_GHG@DF_AIR_GHG(1.0),,I,BTN,,A,,GHG,,_T,,KG_CO2E_PS,,2022,,1.790353,,A,,3,,,,,,2,,,
DATAFLOW,OECD.ENV.EPI:DSD_AIR_GHG@DF_AIR_GHG(1.0),,I,BRA,,A,,GHG,,_T,,KG_CO2E_PS,,2022,,5.865453,,A,,3,,,,,,2,,,
DATAFLOW,OECD.ENV.EPI:DSD_AIR_GHG@DF_AIR_GHG(1.0),,I,BRN,,A,,GHG,,_T,,KG_CO2E_PS,,2022,,29.67097,,A,,3,,,,,,2,,,
DATAFLOW,OECD.ENV.EPI:DSD_AIR_GHG@DF_AIR_GHG(1.0),,I,BGR,,A,,GHG,,_T,,KG_CO2E_PS,,2022,,8.555132,,A,,3,,,,,,2,,,
DATAFLOW,OECD.ENV.EPI:DSD_AIR_GHG@DF_AIR_GHG(1.0),,I,CIV,,A,,GHG,,_T,,KG_CO2E_PS,,2022,,2.695429,,A,,3,,,,,,2,,,
DATAFLOW,OECD.ENV.EPI:DSD_AIR_GHG@DF_AIR_GHG(1.0),,I,HRV,,A,,GHG,,_T,,KG_CO2E_PS,,2022,,6.276711,,A,,3,,,,,,2,,,
DATAFLOW,OECD.ENV.EPI:DSD_AIR_GHG@DF_AIR_GHG(1.0),,I,CUB,,A,,GHG,,_T,,KG_CO2E_PS,,2022,,4.466265,,A,,3,,,,,,2,,,
DATAFLOW,OECD.ENV.EPI:DSD_AIR_GHG@DF_AIR_GHG(1.0),,I,CYP,,A,,GHG,,_T,,KG_CO2E_PS,,2022,,6.261792,,A,,3,,,,,,2,,,
DATAFLOW,OECD.ENV.EPI:DSD_AIR_GHG@DF_AIR_GHG(1.0),,I,EGY,,A,,GHG,,_T,,KG_CO2E_PS,,2022,,3.429381,,A,,3,,,,,,2,,,
DATAFLOW,OECD.ENV.EPI:DSD_AIR_GHG@DF_AIR_GHG(1.0),,I,GEO,,A,,GHG,,_T,,KG_CO2E_PS,,2022,,5.296077,,A,,3,,,,,,2,,,
DATAFLOW,OECD.ENV.EPI:DSD_AIR_GHG@DF_AIR_GHG(1.0),,I,GHA,,A,,GHG,,_T,,KG_CO2E_PS,,2022,,1.446825,,A,,3,,,,,,2,,,
DATAFLOW,OECD.ENV.EPI:DSD_AIR_GHG@DF_AIR_GHG(1.0),,I,GTM,,A,,GHG,,_T,,KG_CO2E_PS,,2022,,1.847079,,A,,3,,,,,,2,,,
DATAFLOW,OECD.ENV.EPI:DSD_AIR_GHG@DF_AIR_GHG(1.0),,I,GNB,,A,,GHG,,_T,,KG_CO2E_PS,,2022,,0.7657315,,A,,3,,,,,,2,,,
DATAFLOW,OECD.ENV.EPI:DSD_AIR_GHG@DF_AIR_GHG(1.0),,I,GUY,,A,,GHG,,_T,,KG_CO2E_PS,,2022,,10.29586,,A,,3,,,,,,2,,,
DATAFLOW,OECD.ENV.EPI:DSD_AIR_GHG@DF_AIR_GHG(1.0),,I,VAT,,A,,GHG,,_T,,KG_CO2E_PS,,2022,,31.39618,,A,,3,,,,,,2,,,
DATAFLOW,OECD.ENV.EPI:DSD_AIR_GHG@DF_AIR_GHG(1.0),,I,IDN,,A,,GHG,,_T,,KG_CO2E_PS,,2022,,3.839404,,A,,3,,,,,,2,,,
DATAFLOW,OECD.ENV.EPI:DSD_AIR_GHG@DF_AIR_GHG(1.0),,I,KAZ,,A,,GHG,,_T,,KG_CO2E_PS,,2022,,17.19394,,A,,3,,,,,,2,,,
DATAFLOW,OECD.ENV.EPI:DSD_AIR_GHG@DF_AIR_GHG(1.0),,I,KEN,,A,,GHG,,_T,,KG_CO2E_PS,,2022,,1.222736,,A,,3,,,,,,2,,,
DATAFLOW,OECD.ENV.EPI:DSD_AIR_GHG@DF_AIR_GHG(1.0),,I,LBN,,A,,GHG,,_T,,KG_CO2E_PS,,2022,,3.571952,,A,,3,,,,,,2,,,
DATAFLOW,OECD.ENV.EPI:DSD_AIR_GHG@DF_AIR_GHG(1.0),,I,LIE,,A,,GHG,,_T,,KG_CO2E_PS,,2022,,4.195264,,A,,3,,,,,,2,,,
DATAFLOW,OECD.ENV.EPI:DSD_AIR_GHG@DF_AIR_GHG(1.0),,I,MDV,,A,,GHG,,_T,,KG_CO2E_PS,,2022,,4.502358,,A,,3,,,,,,2,,,
DATAFLOW,OECD.ENV.EPI:DSD_AIR_GHG@DF_AIR_GHG(1.0),,I,MLT,,A,,GHG,,_T,,KG_CO2E_PS,,2022,,4.278131,,A,,3,,,,,,2,,,
DATAFLOW,OECD.ENV.EPI:DSD_AIR_GHG@DF_AIR_GHG(1.0),,I,MUS,,A,,GHG,,_T,,KG_CO2E_PS,,2022,,4.624897,,A,,3,,,,,,2,,,
DATAFLOW,OECD.ENV.EPI:DSD_AIR_GHG@DF_AIR_GHG(1.0),,I,MDA,,A,,GHG,,_T,,KG_CO2E_PS,,2022,,4.260492,,A,,3,,,,,,2,,,
DATAFLOW,OECD.ENV.EPI:DSD_AIR_GHG@DF_AIR_GHG(1.0),,I,MCO,,A,,GHG,,_T,,KG_CO2E_PS,,2022,,1.671067,,A,,3,,,,,,2,,,
DATAFLOW,OECD.ENV.EPI:DSD_AIR_GHG@DF_AIR_GHG(1.0),,I,MAR,,A,,GHG,,_T,,KG_CO2E_PS,,2022,,2.655225,,A,,3,,,,,,2,,,
DATAFLOW,OECD.ENV.EPI:DSD_AIR_GHG@DF_AIR_GHG(1.0),,I,NAM,,A,,GHG,,_T,,KG_CO2E_PS,,2022,,4.355369,,A,,3,,,,,,2,,,
DATAFLOW,OECD.ENV.EPI:DSD_AIR_GHG@DF_AIR_GHG(1.0),,I,NPL,,A,,GHG,,_T,,KG_CO2E_PS,,2022,,1.959157,,A,,3,,,,,,2,,,
DATAFLOW,OECD.ENV.EPI:DSD_AIR_GHG@DF_AIR_GHG(1.0),,I,NGA,,A,,GHG,,_T,,KG_CO2E_PS,,2022,,1.472081,,A,,3,,,,,,2,,,
DATAFLOW,OECD.ENV.EPI:DSD_AIR_GHG@DF_AIR_GHG(1.0),,I,ROU,,A,,GHG,,_T,,KG_CO2E_PS,,2022,,5.721738,,A,,3,,,,,,2,,,
DATAFLOW,OECD.ENV.EPI:DSD_AIR_GHG@DF_AIR_GHG(1.0),,I,RUS,,A,,GHG,,_T,,KG_CO2E_PS,,2022,,13.91034,,A,,3,,,,,,2,,,
DATAFLOW,OECD.ENV.EPI:DSD_AIR_GHG@DF_AIR_GHG(1.0),,I,RWA,,A,,GHG,,_T,,KG_CO2E_PS,,2022,,0.9296069,,A,,3,,,,,,2,,,
DATAFLOW,OECD.ENV.EPI:DSD_AIR_GHG@DF_AIR_GHG(1.0),,I,SRB,,A,,GHG,,_T,,KG_CO2E_PS,,2022,,9.226242,,A,,3,,,,,,2,,,
DATAFLOW,OECD.ENV.EPI:DSD_AIR_GHG@DF_AIR_GHG(1.0),,I,SGP,,A,,GHG,,_T,,KG_CO2E_PS,,2022,,10.36283,,A,,3,,,,,,2,,,
DATAFLOW,OECD.ENV.EPI:DSD_AIR_GHG@DF_AIR_GHG(1.0),,I,SLB,,A,,GHG,,_T,,KG_CO2E_PS,,2022,,0.7385193,,A,,3,,,,,,2,,,
DATAFLOW,OECD.ENV.EPI:DSD_AIR_GHG@DF_AIR_GHG(1.0),,I,ZAF,,A,,GHG,,_T,,KG_CO2E_PS,,2022,,7.626128,,A,,3,,,,,,2,,,
DATAFLOW,OECD.ENV.EPI:DSD_AIR_GHG@DF_AIR_GHG(1.0),,I,THA,,A,,GHG,,_T,,KG_CO2E_PS,,2022,,5.356871,,A,,3,,,,,,2,,,
DATAFLOW,OECD.ENV.EPI:DSD_AIR_GHG@DF_AIR_GHG(1.0),,I,UKR,,A,,GHG,,_T,,KG_CO2E_PS,,2022,,5.826824,,A,,3,,,,,,2,,,
DATAFLOW,OECD.ENV.EPI:DSD_AIR_GHG@DF_AIR_GHG(1.0),,I,URY,,A,,GHG,,_T,,KG_CO2E_PS,,2022,,11.06299,,A,,3,,,,,,2,,,
DATAFLOW,OECD.ENV.EPI:DSD_AIR_GHG@DF_AIR_GHG(1.0),,I,UZB,,A,,GHG,,_T,,KG_CO2E_PS,,2022,,5.999439,,A,,3,,,,,,2,,,
DATAFLOW,OECD.ENV.EPI:DSD_AIR_GHG@DF_AIR_GHG(1.0),,I,VEN,,A,,GHG,,_T,,KG_CO2E_PS,,2022,,5.68212,,A,,3,,,,,,2,,,
DATAFLOW,OECD.ENV.EPI:DSD_AIR_GHG@DF_AIR_GHG(1.0),,I,AUS,,A,,GHG,,_T,,KG_CO2E_PS,,2018,,22.44748,,A,,3,,,,,,2,,,
DATAFLOW,OECD.ENV.EPI:DSD_AIR_GHG@DF_AIR_GHG(1.0),,I,AUT,,A,,GHG,,_T,,KG_CO2E_PS,,2018,,8.984918,,A,,3,,,,,,2,,,
DATAFLOW,OECD.ENV.EPI:DSD_AIR_GHG@DF_AIR_GHG(1.0),,I,BEL,,A,,GHG,,_T,,KG_CO2E_PS,,2018,,10.26945,,A,,3,,,,,,2,,,
DATAFLOW,OECD.ENV.EPI:DSD_AIR_GHG@DF_AIR_GHG(1.0),,I,CAN,,A,,GHG,,_T,,KG_CO2E_PS,,2018,,20.0309,,A,,3,,,,,,2,,,
DATAFLOW,OECD.ENV.EPI:DSD_AIR_GHG@DF_AIR_GHG(1.0),,I,CHL,,A,,GHG,,_T,,KG_CO2E_PS,,2018,,5.672374,,A,,3,,,,,,2,,,
DATAFLOW,OECD.ENV.EPI:DSD_AIR_GHG@DF_AIR_GHG(1.0),,I,COL,,A,,GHG,,_T,,KG_CO2E_PS,,2018,,3.619326,,A,,3,,,,,,2,,,
DATAFLOW,OECD.ENV.EPI:DSD_AIR_GHG@DF_AIR_GHG(1.0),,I,CRI,,A,,GHG,,_T,,KG_CO2E_PS,,2018,,3.200677,,A,,3,,,,,,2,,,
DATAFLOW,OECD.ENV.EPI:DSD_AIR_GHG@DF_AIR_GHG(1.0),,I,CZE,,A,,GHG,,_T,,KG_CO2E_PS,,2018,,11.98083,,A,,3,,,,,,2,,,
DATAFLOW,OECD.ENV.EPI:DSD_AIR_GHG@DF_AIR_GHG(1.0),,I,DNK,,A,,GHG,,_T,,KG_CO2E_PS,,2018,,8.580415,,A,,3,,,,,,2,,,
DATAFLOW,OECD.ENV.EPI:DSD_AIR_GHG@DF_AIR_GHG(1.0),,I,EST,,A,,GHG,,_T,,KG_CO2E_PS,,2018,,15.09539,,A,,3,,,,,,2,,,
DATAFLOW,OECD.ENV.EPI:DSD_AIR_GHG@DF_AIR_GHG(1.0),,I,FIN,,A,,GHG,,_T,,KG_CO2E_PS,,2018,,10.1648,,A,,3,,,,,,2,,,
DATAFLOW,OECD.ENV.EPI:DSD_AIR_GHG@DF_AIR_GHG(1.0),,I,FRA,,A,,GHG,,_T,,KG_CO2E_PS,,2018,,6.790996,,A,,3,,,,,,2,,,
DATAFLOW,OECD.ENV.EPI:DSD_AIR_GHG@DF_AIR_GHG(1.0),,I,DEU,,A,,GHG,,_T,,KG_CO2E_PS,,2018,,10.22998,,A,,3,,,,,,2,,,
DATAFLOW,OECD.ENV.EPI:DSD_AIR_GHG@DF_AIR_GHG(1.0),,I,GRC,,A,,GHG,,_T,,KG_CO2E_PS,,2018,,8.667607,,A,,3,,,,,,2,,,
DATAFLOW,OECD.ENV.EPI:DSD_AIR_GHG@DF_AIR_GHG(1.0),,I,HUN,,A,,GHG,,_T,,KG_CO2E_PS,,2018,,6.668178,,A,,3,,,,,,2,,,
DATAFLOW,OECD.ENV.EPI:DSD_AIR_GHG@DF_AIR_GHG(1.0),,I,ISL,,A,,GHG,,_T,,KG_CO2E_PS,,2018,,14.01085,,A,,3,,,,,,2,,,
DATAFLOW,OECD.ENV.EPI:DSD_AIR_GHG@DF_AIR_GHG(1.0),,I,IRL,,A,,GHG,,_T,,KG_CO2E_PS,,2018,,12.64129,,A,,3,,,,,,2,,,
DATAFLOW,OECD.ENV.EPI:DSD_AIR_GHG@DF_AIR_GHG(1.0),,I,ISR,,A,,GHG,,_T,,KG_CO2E_PS,,2018,,9.441315,,A,,3,,,,,,2,,,
DATAFLOW,OECD.ENV.EPI:DSD_AIR_GHG@DF_AIR_GHG(1.0),,I,ITA,,A,,GHG,,_T,,KG_CO2E_PS,,2018,,7.105342,,A,,3,,,,,,2,,,
DATAFLOW,OECD.ENV.EPI:DSD_AIR_GHG@DF_AIR_GHG(1.0),,I,JPN,,A,,GHG,,_T,,KG_CO2E_PS,,2018,,9.639091,,A,,3,,,,,,2,,,
DATAFLOW,OECD.ENV.EPI:DSD_AIR_GHG@DF_AIR_GHG(1.0),,I,KOR,,A,,GHG,,_T,,KG_CO2E_PS,,2018,,15.17932,,A,,3,,,,,,2,,,
DATAFLOW,OECD.ENV.EPI:DSD_AIR_GHG@DF_AIR_GHG(1.0),,I,LVA,,A,,GHG,,_T,,KG_CO2E_PS,,2018,,5.843408,,A,,3,,,,,,2,,,
DATAFLOW,OECD.ENV.EPI:DSD_AIR_GHG@DF_AIR_GHG(1.0),,I,LTU,,A,,GHG,,_T,,KG_CO2E_PS,,2018,,6.951449,,A,,3,,,,,,2,,,
DATAFLOW,OECD.ENV.EPI:DSD_AIR_GHG@DF_AIR_GHG(1.0),,I,LUX,,A,,GHG,,_T,,KG_CO2E_PS,,2018,,17.40738,,A,,3,,,,,,2,,,
DATAFLOW,OECD.ENV.EPI:DSD_AIR_GHG@DF_AIR_GHG(1.0),,I,MEX,,A,,GHG,,_T,,KG_CO2E_PS,,2018,,6.075221,,A,,3,,,,,,2,,,
DATAFLOW,OECD.ENV.EPI:DSD_AIR_GHG@DF_AIR_GHG(1.0),,I,NLD,,A,,GHG,,_T,,KG_CO2E_PS,,2018,,10.73006,,A,,3,,,,,,2,,,
DATAFLOW,OECD.ENV.EPI:DSD_AIR_GHG@DF_AIR_GHG(1.0),,I,NZL,,A,,GHG,,_T,,KG_CO2E_PS,,2018,,16.9124,,A,,3,,,,,,2,,,
DATAFLOW,OECD.ENV.EPI:DSD_AIR_GHG@DF_AIR_GHG(1.0),,I,NOR,,A,,GHG,,_T,,KG_CO2E_PS,,2018,,9.944004,,A,,3,,,,,,2,,,
DATAFLOW,OECD.ENV.EPI:DSD_AIR_GHG@DF_AIR_GHG(1.0),,I,POL,,A,,GHG,,_T,,KG_CO2E_PS,,2018,,10.67059,,A,,3,,,,,,2,,,
DATAFLOW,OECD.ENV.EPI:DSD_AIR_GHG@DF_AIR_GHG(1.0),,I,PRT,,A,,GHG,,_T,,KG_CO2E_PS,,2018,,6.491846,,A,,3,,,,,,2,,,
DATAFLOW,OECD.ENV.EPI:DSD_AIR_GHG@DF_AIR_GHG(1.0),,I,SVK,,A,,GHG,,_T,,KG_CO2E_PS,,2018,,7.707138,,A,,3,,,,,,2,,,
DATAFLOW,OECD.ENV.EPI:DSD_AIR_GHG@DF_AIR_GHG(1.0),,I,SVN,,A,,GHG,,_T,,KG_CO2E_PS,,2018,,8.531396,,A,,3,,,,,,2,,,
DATAFLOW,OECD.ENV.EPI:DSD_AIR_GHG@DF_AIR_GHG(1.0),,I,ESP,,A,,GHG,,_T,,KG_CO2E_PS,,2018,,6.955995,,A,,3,,,,,,2,,,
DATAFLOW,OECD.ENV.EPI:DSD_AIR_GHG@DF_AIR_GHG(1.0),,I,SWE,,A,,GHG,,_T,,KG_CO2E_PS,,2018,,5.05477,,A,,3,,,,,,2,,,
DATAFLOW,OECD.ENV.EPI:DSD_AIR_GHG@DF_AIR_GHG(1.0),,I,CHE,,A,,GHG,,_T,,KG_CO2E_PS,,2018,,5.508288,,A,,3,,,,,,2,,,
DATAFLOW,OECD.ENV.EPI:DSD_AIR_GHG@DF_AIR_GHG(1.0),,I,TUR,,A,,GHG,,_T,,KG_CO2E_PS,,2018,,6.275307,,A,,3,,,,,,2,,,
DATAFLOW,OECD.ENV.EPI:DSD_AIR_GHG@DF_AIR_GHG(1.0),,I,GBR,,A,,GHG,,_T,,KG_CO2E_PS,,2018,,6.976843,,A,,3,,,,,,2,,,
DATAFLOW,OECD.ENV.EPI:DSD_AIR_GHG@DF_AIR_GHG(1.0),,I,USA,,A,,GHG,,_T,,KG_CO2E_PS,,2018,,20.15406,,A,,3,,,,,,2,,,
DATAFLOW,OECD.ENV.EPI:DSD_AIR_GHG@DF_AIR_GHG(1.0),,I,EU27_2020,,A,,GHG,,_T,,KG_CO2E_PS,,2018,,8.389686,,A,,3,,,,,,2,,,
DATAFLOW,OECD.ENV.EPI:DSD_AIR_GHG@DF_AIR_GHG(1.0),,I,OECD,,A,,GHG,,_T,,KG_CO2E_PS,,2018,,11.657,,A,,3,,,,,,2,,,
DATAFLOW,OECD.ENV.EPI:DSD_AIR_GHG@DF_AIR_GHG(1.0),,I,OECDA,,A,,GHG,,_T,,KG_CO2E_PS,,2018,,15.01576,,A,,3,,,,,,2,,,
DATAFLOW,OECD.ENV.EPI:DSD_AIR_GHG@DF_AIR_GHG(1.0),,I,OECDSO,,A,,GHG,,_T,,KG_CO2E_PS,,2018,,12.59639,,A,,3,,,,,,2,,,
DATAFLOW,OECD.ENV.EPI:DSD_AIR_GHG@DF_AIR_GHG(1.0),,I,OECDE,,A,,GHG,,_T,,KG_CO2E_PS,,2018,,8.002245,,A,,3,,,,,,2,,,
DATAFLOW,OECD.ENV.EPI:DSD_AIR_GHG@DF_AIR_GHG(1.0),,I,DZA,,A,,GHG,,_T,,KG_CO2E_PS,,2018,,5.262534,,A,,3,,,,,,2,,,
DATAFLOW,OECD.ENV.EPI:DSD_AIR_GHG@DF_AIR_GHG(1.0),,I,ARG,,A,,GHG,,_T,,KG_CO2E_PS,,2018,,7.699173,,A,,3,,,,,,2,,,
DATAFLOW,OECD.ENV.EPI:DSD_AIR_GHG@DF_AIR_GHG(1.0),,I,BLR,,A,,GHG,,_T,,KG_CO2E_PS,,2018,,9.746824,,A,,3,,,,,,2,,,
DATAFLOW,OECD.ENV.EPI:DSD_AIR_GHG@DF_AIR_GHG(1.0),,I,BRA,,A,,GHG,,_T,,KG_CO2E_PS,,2018,,5.63276,,A,,3,,,,,,2,,,
DATAFLOW,OECD.ENV.EPI:DSD_AIR_GHG@DF_AIR_GHG(1.0),,I,BRN,,A,,GHG,,_T,,KG_CO2E_PS,,2018,,25.09908,,A,,3,,,,,,2,,,
DATAFLOW,OECD.ENV.EPI:DSD_AIR_GHG@DF_AIR_GHG(1.0),,I,BGR,,A,,GHG,,_T,,KG_CO2E_PS,,2018,,7.861728,,A,,3,,,,,,2,,,
DATAFLOW,OECD.ENV.EPI:DSD_AIR_GHG@DF_AIR_GHG(1.0),,I,CIV,,A,,GHG,,_T,,KG_CO2E_PS,,2018,,1.710556,,A,,3,,,,,,2,,,
DATAFLOW,OECD.ENV.EPI:DSD_AIR_GHG@DF_AIR_GHG(1.0),,I,HRV,,A,,GHG,,_T,,KG_CO2E_PS,,2018,,6.123429,,A,,3,,,,,,2,,,
DATAFLOW,OECD.ENV.EPI:DSD_AIR_GHG@DF_AIR_GHG(1.0),,I,CUB,,A,,GHG,,_T,,KG_CO2E_PS,,2018,,4.803382,,A,,3,,,,,,2,,,
DATAFLOW,OECD.ENV.EPI:DSD_AIR_GHG@DF_AIR_GHG(1.0),,I,CYP,,A,,GHG,,_T,,KG_CO2E_PS,,2018,,6.939748,,A,,3,,,,,,2,,,
DATAFLOW,OECD.ENV.EPI:DSD_AIR_GHG@DF_AIR_GHG(1.0),,I,EGY,,A,,GHG,,_T,,KG_CO2E_PS,,2018,,3.463126,,A,,3,,,,,,2,,,
DATAFLOW,OECD.ENV.EPI:DSD_AIR_GHG@DF_AIR_GHG(1.0),,I,GEO,,A,,GHG,,_T,,KG_CO2E_PS,,2018,,4.652597,,A,,3,,,,,,2,,,
DATAFLOW,OECD.ENV.EPI:DSD_AIR_GHG@DF_AIR_GHG(1.0),,I,GHA,,A,,GHG,,_T,,KG_CO2E_PS,,2018,,1.312229,,A,,3,,,,,,2,,,
DATAFLOW,OECD.ENV.EPI:DSD_AIR_GHG@DF_AIR_GHG(1.0),,I,GTM,,A,,GHG,,_T,,KG_CO2E_PS,,2018,,1.868301,,A,,3,,,,,,2,,,
DATAFLOW,OECD.ENV.EPI:DSD_AIR_GHG@DF_AIR_GHG(1.0),,I,GNB,,A,,GHG,,_T,,KG_CO2E_PS,,2018,,0.6934381,,A,,3,,,,,,2,,,
DATAFLOW,OECD.ENV.EPI:DSD_AIR_GHG@DF_AIR_GHG(1.0),,I,GUY,,A,,GHG,,_T,,KG_CO2E_PS,,2018,,6.167833,,A,,3,,,,,,2,,,
DATAFLOW,OECD.ENV.EPI:DSD_AIR_GHG@DF_AIR_GHG(1.0),,I,VAT,,A,,GHG,,_T,,KG_CO2E_PS,,2018,,29.40696,,A,,3,,,,,,2,,,
DATAFLOW,OECD.ENV.EPI:DSD_AIR_GHG@DF_AIR_GHG(1.0),,I,IDN,,A,,GHG,,_T,,KG_CO2E_PS,,2018,,3.378282,,A,,3,,,,,,2,,,
DATAFLOW,OECD.ENV.EPI:DSD_AIR_GHG@DF_AIR_GHG(1.0),,I,KAZ,,A,,GHG,,_T,,KG_CO2E_PS,,2018,,21.34503,,A,,3,,,,,,2,,,
DATAFLOW,OECD.ENV.EPI:DSD_AIR_GHG@DF_AIR_GHG(1.0),,I,KEN,,A,,GHG,,_T,,KG_CO2E_PS,,2018,,1.223337,,A,,3,,,,,,2,,,
DATAFLOW,OECD.ENV.EPI:DSD_AIR_GHG@DF_AIR_GHG(1.0),,I,LIE,,A,,GHG,,_T,,KG_CO2E_PS,,2018,,4.732372,,A,,3,,,,,,2,,,
DATAFLOW,OECD.ENV.EPI:DSD_AIR_GHG@DF_AIR_GHG(1.0),,I,MYS,,A,,GHG,,_T,,KG_CO2E_PS,,2018,,9.79379,,A,,3,,,,,,2,,,
DATAFLOW,OECD.ENV.EPI:DSD_AIR_GHG@DF_AIR_GHG(1.0),,I,MDV,,A,,GHG,,_T,,KG_CO2E_PS,,2018,,4.197021,,A,,3,,,,,,2,,,
DATAFLOW,OECD.ENV.EPI:DSD_AIR_GHG@DF_AIR_GHG(1.0),,I,MLT,,A,,GHG,,_T,,KG_CO2E_PS,,2018,,4.165486,,A,,3,,,,,,2,,,
DATAFLOW,OECD.ENV.EPI:DSD_AIR_GHG@DF_AIR_GHG(1.0),,I,MUS,,A,,GHG,,_T,,KG_CO2E_PS,,2018,,4.478291,,A,,3,,,,,,2,,,
DATAFLOW,OECD.ENV.EPI:DSD_AIR_GHG@DF_AIR_GHG(1.0),,I,MDA,,A,,GHG,,_T,,KG_CO2E_PS,,2018,,4.406259,,A,,3,,,,,,2,,,
DATAFLOW,OECD.ENV.EPI:DSD_AIR_GHG@DF_AIR_GHG(1.0),,I,MCO,,A,,GHG,,_T,,KG_CO2E_PS,,2018,,2.261659,,A,,3,,,,,,2,,,
DATAFLOW,OECD.ENV.EPI:DSD_AIR_GHG@DF_AIR_GHG(1.0),,I,MAR,,A,,GHG,,_T,,KG_CO2E_PS,,2018,,2.586243,,A,,3,,,,,,2,,,
DATAFLOW,OECD.ENV.EPI:DSD_AIR_GHG@DF_AIR_GHG(1.0),,I,NAM,,A,,GHG,,_T,,KG_CO2E_PS,,2018,,4.198732,,A,,3,,,,,,2,,,
DATAFLOW,OECD.ENV.EPI:DSD_AIR_GHG@DF_AIR_GHG(1.0),,I,NPL,,A,,GHG,,_T,,KG_CO2E_PS,,2018,,1.761065,,A,,3,,,,,,2,,,
DATAFLOW,OECD.ENV.EPI:DSD_AIR_GHG@DF_AIR_GHG(1.0),,I,NGA,,A,,GHG,,_T,,KG_CO2E_PS,,2018,,1.512795,,A,,3,,,,,,2,,,
DATAFLOW,OECD.ENV.EPI:DSD_AIR_GHG@DF_AIR_GHG(1.0),,I,PAN,,A,,GHG,,_T,,KG_CO2E_PS,,2018,,4.362435,,A,,3,,,,,,2,,,
DATAFLOW,OECD.ENV.EPI:DSD_AIR_GHG@DF_AIR_GHG(1.0),,I,PER,,A,,GHG,,_T,,KG_CO2E_PS,,2018,,3.189103,,A,,3,,,,,,2,,,
DATAFLOW,OECD.ENV.EPI:DSD_AIR_GHG@DF_AIR_GHG(1.0),,I,ROU,,A,,GHG,,_T,,KG_CO2E_PS,,2018,,6.048876,,A,,3,,,,,,2,,,
DATAFLOW,OECD.ENV.EPI:DSD_AIR_GHG@DF_AIR_GHG(1.0),,I,RUS,,A,,GHG,,_T,,KG_CO2E_PS,,2018,,14.07665,,A,,3,,,,,,2,,,
DATAFLOW,OECD.ENV.EPI:DSD_AIR_GHG@DF_AIR_GHG(1.0),,I,RWA,,A,,GHG,,_T,,KG_CO2E_PS,,2018,,0.7978748,,A,,3,,,,,,2,,,
DATAFLOW,OECD.ENV.EPI:DSD_AIR_GHG@DF_AIR_GHG(1.0),,I,SRB,,A,,GHG,,_T,,KG_CO2E_PS,,2018,,9.022214,,A,,3,,,,,,2,,,
DATAFLOW,OECD.ENV.EPI:DSD_AIR_GHG@DF_AIR_GHG(1.0),,I,SGP,,A,,GHG,,_T,,KG_CO2E_PS,,2018,,10.08684,,A,,3,,,,,,2,,,
DATAFLOW,OECD.ENV.EPI:DSD_AIR_GHG@DF_AIR_GHG(1.0),,I,SLB,,A,,GHG,,_T,,KG_CO2E_PS,,2018,,0.8389294,,A,,3,,,,,,2,,,
DATAFLOW,OECD.ENV.EPI:DSD_AIR_GHG@DF_AIR_GHG(1.0),,I,ZAF,,A,,GHG,,_T,,KG_CO2E_PS,,2018,,8.537099,,A,,3,,,,,,2,,,
DATAFLOW,OECD.ENV.EPI:DSD_AIR_GHG@DF_AIR_GHG(1.0),,I,UKR,,A,,GHG,,_T,,KG_CO2E_PS,,2018,,7.631061,,A,,3,,,,,,2,,,
DATAFLOW,OECD.ENV.EPI:DSD_AIR_GHG@DF_AIR_GHG(1.0),,I,UZB,,A,,GHG,,_T,,KG_CO2E_PS,,2018,,5.80262,,A,,3,,,,,,2,,,
DATAFLOW,OECD.ENV.EPI:DSD_AIR_GHG@DF_AIR_GHG(1.0),,I,VEN,,A,,GHG,,_T,,KG_CO2E_PS,,2018,,6.191895,,A,,3,,,,,,2,,,
DATAFLOW,OECD.ENV.EPI:DSD_AIR_GHG@DF_AIR_GHG(1.0),,I,AUS,,A,,GHG,,_T,,KG_CO2E_PS,,2014,,22.74019,,A,,3,,,,,,2,,,
DATAFLOW,OECD.ENV.EPI:DSD_AIR_GHG@DF_AIR_GHG(1.0),,I,AUT,,A,,GHG,,_T,,KG_CO2E_PS,,2014,,9.033319,,A,,3,,,,,,2,,,
DATAFLOW,OECD.ENV.EPI:DSD_AIR_GHG@DF_AIR_GHG(1.0),,I,BEL,,A,,GHG,,_T,,KG_CO2E_PS,,2014,,10.21425,,A,,3,,,,,,2,,,
DATAFLOW,OECD.ENV.EPI:DSD_AIR_GHG@DF_AIR_GHG(1.0),,I,CAN,,A,,GHG,,_T,,KG_CO2E_PS,,2014,,20.97687,,A,,3,,,,,,2,,,
DATAFLOW,OECD.ENV.EPI:DSD_AIR_GHG@DF_AIR_GHG(1.0),,I,CHL,,A,,GHG,,_T,,KG_CO2E_PS,,2014,,5.283227,,A,,3,,,,,,2,,,
DATAFLOW,OECD.ENV.EPI:DSD_AIR_GHG@DF_AIR_GHG(1.0),,I,COL,,A,,GHG,,_T,,KG_CO2E_PS,,2014,,3.509622,,A,,3,,,,,,2,,,
DATAFLOW,OECD.ENV.EPI:DSD_AIR_GHG@DF_AIR_GHG(1.0),,I,CRI,,A,,GHG,,_T,,KG_CO2E_PS,,2014,,3.075124,,A,,3,,,,,,2,,,
DATAFLOW,OECD.ENV.EPI:DSD_AIR_GHG@DF_AIR_GHG(1.0),,I,CZE,,A,,GHG,,_T,,KG_CO2E_PS,,2014,,11.91482,,A,,3,,,,,,2,,,
DATAFLOW,OECD.ENV.EPI:DSD_AIR_GHG@DF_AIR_GHG(1.0),,I,DNK,,A,,GHG,,_T,,KG_CO2E_PS,,2014,,9.377474,,A,,3,,,,,,2,,,
DATAFLOW,OECD.ENV.EPI:DSD_AIR_GHG@DF_AIR_GHG(1.0),,I,EST,,A,,GHG,,_T,,KG_CO2E_PS,,2014,,15.96656,,A,,3,,,,,,2,,,
DATAFLOW,OECD.ENV.EPI:DSD_AIR_GHG@DF_AIR_GHG(1.0),,I,FIN,,A,,GHG,,_T,,KG_CO2E_PS,,2014,,10.7283,,A,,3,,,,,,2,,,
DATAFLOW,OECD.ENV.EPI:DSD_AIR_GHG@DF_AIR_GHG(1.0),,I,FRA,,A,,GHG,,_T,,KG_CO2E_PS,,2014,,7.046576,,A,,3,,,,,,2,,,
DATAFLOW,OECD.ENV.EPI:DSD_AIR_GHG@DF_AIR_GHG(1.0),,I,DEU,,A,,GHG,,_T,,KG_CO2E_PS,,2014,,10.98049,,A,,3,,,,,,2,,,
DATAFLOW,OECD.ENV.EPI:DSD_AIR_GHG@DF_AIR_GHG(1.0),,I,GRC,,A,,GHG,,_T,,KG_CO2E_PS,,2014,,9.174307,,A,,3,,,,,,2,,,
DATAFLOW,OECD.ENV.EPI:DSD_AIR_GHG@DF_AIR_GHG(1.0),,I,HUN,,A,,GHG,,_T,,KG_CO2E_PS,,2014,,6.00465,,A,,3,,,,,,2,,,
DATAFLOW,OECD.ENV.EPI:DSD_AIR_GHG@DF_AIR_GHG(1.0),,I,ISL,,A,,GHG,,_T,,KG_CO2E_PS,,2014,,14.53881,,A,,3,,,,,,2,,,
DATAFLOW,OECD.ENV.EPI:DSD_AIR_GHG@DF_AIR_GHG(1.0),,I,IRL,,A,,GHG,,_T,,KG_CO2E_PS,,2014,,12.47143,,A,,3,,,,,,2,,,
DATAFLOW,OECD.ENV.EPI:DSD_AIR_GHG@DF_AIR_GHG(1.0),,I,ISR,,A,,GHG,,_T,,KG_CO2E_PS,,2014,,9.849664,,A,,3,,,,,,2,,,
DATAFLOW,OECD.ENV.EPI:DSD_AIR_GHG@DF_AIR_GHG(1.0),,I,ITA,,A,,GHG,,_T,,KG_CO2E_PS,,2014,,7.120819,,A,,3,,,,,,2,,,
DATAFLOW,OECD.ENV.EPI:DSD_AIR_GHG@DF_AIR_GHG(1.0),,I,JPN,,A,,GHG,,_T,,KG_CO2E_PS,,2014,,10.5282,,A,,3,,,,,,2,,,
DATAFLOW,OECD.ENV.EPI:DSD_AIR_GHG@DF_AIR_GHG(1.0),,I,KOR,,A,,GHG,,_T,,KG_CO2E_PS,,2014,,14.33164,,A,,3,,,,,,2,,,
DATAFLOW,OECD.ENV.EPI:DSD_AIR_GHG@DF_AIR_GHG(1.0),,I,LVA,,A,,GHG,,_T,,KG_CO2E_PS,,2014,,5.373127,,A,,3,,,,,,2,,,
DATAFLOW,OECD.ENV.EPI:DSD_AIR_GHG@DF_AIR_GHG(1.0),,I,LTU,,A,,GHG,,_T,,KG_CO2E_PS,,2014,,6.594755,,A,,3,,,,,,2,,,
DATAFLOW,OECD.ENV.EPI:DSD_AIR_GHG@DF_AIR_GHG(1.0),,I,LUX,,A,,GHG,,_T,,KG_CO2E_PS,,2014,,19.4309,,A,,3,,,,,,2,,,
DATAFLOW,OECD.ENV.EPI:DSD_AIR_GHG@DF_AIR_GHG(1.0),,I,MEX,,A,,GHG,,_T,,KG_CO2E_PS,,2014,,6.141273,,A,,3,,,,,,2,,,
DATAFLOW,OECD.ENV.EPI:DSD_AIR_GHG@DF_AIR_GHG(1.0),,I,NLD,,A,,GHG,,_T,,KG_CO2E_PS,,2014,,10.9876,,A,,3,,,,,,2,,,
DATAFLOW,OECD.ENV.EPI:DSD_AIR_GHG@DF_AIR_GHG(1.0),,I,NZL,,A,,GHG,,_T,,KG_CO2E_PS,,2014,,18.4279,,A,,3,,,,,,2,,,
DATAFLOW,OECD.ENV.EPI:DSD_AIR_GHG@DF_AIR_GHG(1.0),,I,NOR,,A,,GHG,,_T,,KG_CO2E_PS,,2014,,10.45206,,A,,3,,,,,,2,,,
DATAFLOW,OECD.ENV.EPI:DSD_AIR_GHG@DF_AIR_GHG(1.0),,I,POL,,A,,GHG,,_T,,KG_CO2E_PS,,2014,,9.929695,,A,,3,,,,,,2,,,
DATAFLOW,OECD.ENV.EPI:DSD_AIR_GHG@DF_AIR_GHG(1.0),,I,PRT,,A,,GHG,,_T,,KG_CO2E_PS,,2014,,6.078352,,A,,3,,,,,,2,,,
DATAFLOW,OECD.ENV.EPI:DSD_AIR_GHG@DF_AIR_GHG(1.0),,I,SVK,,A,,GHG,,_T,,KG_CO2E_PS,,2014,,7.319902,,A,,3,,,,,,2,,,
DATAFLOW,OECD.ENV.EPI:DSD_AIR_GHG@DF_AIR_GHG(1.0),,I,SVN,,A,,GHG,,_T,,KG_CO2E_PS,,2014,,8.093888,,A,,3,,,,,,2,,,
DATAFLOW,OECD.ENV.EPI:DSD_AIR_GHG@DF_AIR_GHG(1.0),,I,ESP,,A,,GHG,,_T,,KG_CO2E_PS,,2014,,6.857054,,A,,3,,,,,,2,,,
DATAFLOW,OECD.ENV.EPI:DSD_AIR_GHG@DF_AIR_GHG(1.0),,I,SWE,,A,,GHG,,_T,,KG_CO2E_PS,,2014,,5.515628,,A,,3,,,,,,2,,,
DATAFLOW,OECD.ENV.EPI:DSD_AIR_GHG@DF_AIR_GHG(1.0),,I,CHE,,A,,GHG,,_T,,KG_CO2E_PS,,2014,,6.044053,,A,,3,,,,,,2,,,
DATAFLOW,OECD.ENV.EPI:DSD_AIR_GHG@DF_AIR_GHG(1.0),,I,TUR,,A,,GHG,,_T,,KG_CO2E_PS,,2014,,5.997226,,A,,3,,,,,,2,,,
DATAFLOW,OECD.ENV.EPI:DSD_AIR_GHG@DF_AIR_GHG(1.0),,I,GBR,,A,,GHG,,_T,,KG_CO2E_PS,,2014,,8.215401,,A,,3,,,,,,2,,,
DATAFLOW,OECD.ENV.EPI:DSD_AIR_GHG@DF_AIR_GHG(1.0),,I,USA,,A,,GHG,,_T,,KG_CO2E_PS,,2014,,21.37271,,A,,3,,,,,,2,,,
DATAFLOW,OECD.ENV.EPI:DSD_AIR_GHG@DF_AIR_GHG(1.0),,I,EU27_2020,,A,,GHG,,_T,,KG_CO2E_PS,,2014,,8.488961,,A,,3,,,,,,2,,,
DATAFLOW,OECD.ENV.EPI:DSD_AIR_GHG@DF_AIR_GHG(1.0),,I,OECD,,A,,GHG,,_T,,KG_CO2E_PS,,2014,,12.10866,,A,,3,,,,,,2,,,
DATAFLOW,OECD.ENV.EPI:DSD_AIR_GHG@DF_AIR_GHG(1.0),,I,OECDA,,A,,GHG,,_T,,KG_CO2E_PS,,2014,,15.81185,,A,,3,,,,,,2,,,
DATAFLOW,OECD.ENV.EPI:DSD_AIR_GHG@DF_AIR_GHG(1.0),,I,OECDSO,,A,,GHG,,_T,,KG_CO2E_PS,,2014,,12.91463,,A,,3,,,,,,2,,,
DATAFLOW,OECD.ENV.EPI:DSD_AIR_GHG@DF_AIR_GHG(1.0),,I,OECDE,,A,,GHG,,_T,,KG_CO2E_PS,,2014,,8.223466,,A,,3,,,,,,2,,,
DATAFLOW,OECD.ENV.EPI:DSD_AIR_GHG@DF_AIR_GHG(1.0),,I,DZA,,A,,GHG,,_T,,KG_CO2E_PS,,2014,,5.151576,,A,,3,,,,,,2,,,
DATAFLOW,OECD.ENV.EPI:DSD_AIR_GHG@DF_AIR_GHG(1.0),,I,ARG,,A,,GHG,,_T,,KG_CO2E_PS,,2014,,7.848993,,A,,3,,,,,,2,,,
DATAFLOW,OECD.ENV.EPI:DSD_AIR_GHG@DF_AIR_GHG(1.0),,I,BLR,,A,,GHG,,_T,,KG_CO2E_PS,,2014,,9.893406,,A,,3,,,,,,2,,,
DATAFLOW,OECD.ENV.EPI:DSD_AIR_GHG@DF_AIR_GHG(1.0),,I,BRA,,A,,GHG,,_T,,KG_CO2E_PS,,2014,,6.026185,,A,,3,,,,,,2,,,
DATAFLOW,OECD.ENV.EPI:DSD_AIR_GHG@DF_AIR_GHG(1.0),,I,BRN,,A,,GHG,,_T,,KG_CO2E_PS,,2014,,27.43803,,A,,3,,,,,,2,,,
DATAFLOW,OECD.ENV.EPI:DSD_AIR_GHG@DF_AIR_GHG(1.0),,I,BGR,,A,,GHG,,_T,,KG_CO2E_PS,,2014,,7.927114,,A,,3,,,,,,2,,,
DATAFLOW,OECD.ENV.EPI:DSD_AIR_GHG@DF_AIR_GHG(1.0),,I,CIV,,A,,GHG,,_T,,KG_CO2E_PS,,2014,,1.577156,,A,,3,,,,,,2,,,
DATAFLOW,OECD.ENV.EPI:DSD_AIR_GHG@DF_AIR_GHG(1.0),,I,HRV,,A,,GHG,,_T,,KG_CO2E_PS,,2014,,5.758433,,A,,3,,,,,,2,,,
DATAFLOW,OECD.ENV.EPI:DSD_AIR_GHG@DF_AIR_GHG(1.0),,I,CUB,,A,,GHG,,_T,,KG_CO2E_PS,,2014,,5.227796,,A,,3,,,,,,2,,,
DATAFLOW,OECD.ENV.EPI:DSD_AIR_GHG@DF_AIR_GHG(1.0),,I,CYP,,A,,GHG,,_T,,KG_CO2E_PS,,2014,,6.882424,,A,,3,,,,,,2,,,
DATAFLOW,OECD.ENV.EPI:DSD_AIR_GHG@DF_AIR_GHG(1.0),,I,EGY,,A,,GHG,,_T,,KG_CO2E_PS,,2014,,3.07912,,A,,3,,,,,,2,,,
DATAFLOW,OECD.ENV.EPI:DSD_AIR_GHG@DF_AIR_GHG(1.0),,I,GEO,,A,,GHG,,_T,,KG_CO2E_PS,,2014,,4.477543,,A,,3,,,,,,2,,,
DATAFLOW,OECD.ENV.EPI:DSD_AIR_GHG@DF_AIR_GHG(1.0),,I,GHA,,A,,GHG,,_T,,KG_CO2E_PS,,2014,,1.128611,,A,,3,,,,,,2,,,
DATAFLOW,OECD.ENV.EPI:DSD_AIR_GHG@DF_AIR_GHG(1.0),,I,GTM,,A,,GHG,,_T,,KG_CO2E_PS,,2014,,1.703142,,A,,3,,,,,,2,,,
DATAFLOW,OECD.ENV.EPI:DSD_AIR_GHG@DF_AIR_GHG(1.0),,I,GNB,,A,,GHG,,_T,,KG_CO2E_PS,,2014,,0.6962806,,A,,3,,,,,,2,,,
DATAFLOW,OECD.ENV.EPI:DSD_AIR_GHG@DF_AIR_GHG(1.0),,I,GUY,,A,,GHG,,_T,,KG_CO2E_PS,,2014,,6.078437,,A,,3,,,,,,2,,,
DATAFLOW,OECD.ENV.EPI:DSD_AIR_GHG@DF_AIR_GHG(1.0),,I,VAT,,A,,GHG,,_T,,KG_CO2E_PS,,2014,,30.32221,,A,,3,,,,,,2,,,
DATAFLOW,OECD.ENV.EPI:DSD_AIR_GHG@DF_AIR_GHG(1.0),,I,IDN,,A,,GHG,,_T,,KG_CO2E_PS,,2014,,3.069394,,A,,3,,,,,,2,,,
DATAFLOW,OECD.ENV.EPI:DSD_AIR_GHG@DF_AIR_GHG(1.0),,I,KAZ,,A,,GHG,,_T,,KG_CO2E_PS,,2014,,20.52191,,A,,3,,,,,,2,,,
DATAFLOW,OECD.ENV.EPI:DSD_AIR_GHG@DF_AIR_GHG(1.0),,I,KEN,,A,,GHG,,_T,,KG_CO2E_PS,,2014,,1.147807,,A,,3,,,,,,2,,,
DATAFLOW,OECD.ENV.EPI:DSD_AIR_GHG@DF_AIR_GHG(1.0),,I,LIE,,A,,GHG,,_T,,KG_CO2E_PS,,2014,,5.356115,,A,,3,,,,,,2,,,
DATAFLOW,OECD.ENV.EPI:DSD_AIR_GHG@DF_AIR_GHG(1.0),,I,MYS,,A,,GHG,,_T,,KG_CO2E_PS,,2014,,10.23582,,A,,3,,,,,,2,,,
DATAFLOW,OECD.ENV.EPI:DSD_AIR_GHG@DF_AIR_GHG(1.0),,I,MDV,,A,,GHG,,_T,,KG_CO2E_PS,,2014,,3.68893,,A,,3,,,,,,2,,,
DATAFLOW,OECD.ENV.EPI:DSD_AIR_GHG@DF_AIR_GHG(1.0),,I,MLT,,A,,GHG,,_T,,KG_CO2E_PS,,2014,,6.549833,,A,,3,,,,,,2,,,
DATAFLOW,OECD.ENV.EPI:DSD_AIR_GHG@DF_AIR_GHG(1.0),,I,MUS,,A,,GHG,,_T,,KG_CO2E_PS,,2014,,4.015156,,A,,3,,,,,,2,,,
DATAFLOW,OECD.ENV.EPI:DSD_AIR_GHG@DF_AIR_GHG(1.0),,I,MDA,,A,,GHG,,_T,,KG_CO2E_PS,,2014,,3.968441,,A,,3,,,,,,2,,,
DATAFLOW,OECD.ENV.EPI:DSD_AIR_GHG@DF_AIR_GHG(1.0),,I,MCO,,A,,GHG,,_T,,KG_CO2E_PS,,2014,,2.346737,,A,,3,,,,,,2,,,
DATAFLOW,OECD.ENV.EPI:DSD_AIR_GHG@DF_AIR_GHG(1.0),,I,MAR,,A,,GHG,,_T,,KG_CO2E_PS,,2014,,2.459603,,A,,3,,,,,,2,,,
DATAFLOW,OECD.ENV.EPI:DSD_AIR_GHG@DF_AIR_GHG(1.0),,I,NAM,,A,,GHG,,_T,,KG_CO2E_PS,,2014,,4.751163,,A,,3,,,,,,2,,,
DATAFLOW,OECD.ENV.EPI:DSD_AIR_GHG@DF_AIR_GHG(1.0),,I,NPL,,A,,GHG,,_T,,KG_CO2E_PS,,2014,,1.496792,,A,,3,,,,,,2,,,
DATAFLOW,OECD.ENV.EPI:DSD_AIR_GHG@DF_AIR_GHG(1.0),,I,NGA,,A,,GHG,,_T,,KG_CO2E_PS,,2014,,1.563994,,A,,3,,,,,,2,,,
DATAFLOW,OECD.ENV.EPI:DSD_AIR_GHG@DF_AIR_GHG(1.0),,I,PAN,,A,,GHG,,_T,,KG_CO2E_PS,,2014,,4.204799,,A,,3,,,,,,2,,,
DATAFLOW,OECD.ENV.EPI:DSD_AIR_GHG@DF_AIR_GHG(1.0),,I,PER,,A,,GHG,,_T,,KG_CO2E_PS,,2014,,3.223498,,A,,3,,,,,,2,,,
DATAFLOW,OECD.ENV.EPI:DSD_AIR_GHG@DF_AIR_GHG(1.0),,I,ROU,,A,,GHG,,_T,,KG_CO2E_PS,,2014,,5.914941,,A,,3,,,,,,2,,,
DATAFLOW,OECD.ENV.EPI:DSD_AIR_GHG@DF_AIR_GHG(1.0),,I,RUS,,A,,GHG,,_T,,KG_CO2E_PS,,2014,,13.6596,,A,,3,,,,,,2,,,
DATAFLOW,OECD.ENV.EPI:DSD_AIR_GHG@DF_AIR_GHG(1.0),,I,RWA,,A,,GHG,,_T,,KG_CO2E_PS,,2014,,0.7338822,,A,,3,,,,,,2,,,
DATAFLOW,OECD.ENV.EPI:DSD_AIR_GHG@DF_AIR_GHG(1.0),,I,SRB,,A,,GHG,,_T,,KG_CO2E_PS,,2014,,7.617867,,A,,3,,,,,,2,,,
DATAFLOW,OECD.ENV.EPI:DSD_AIR_GHG@DF_AIR_GHG(1.0),,I,SGP,,A,,GHG,,_T,,KG_CO2E_PS,,2014,,9.636294,,A,,3,,,,,,2,,,
DATAFLOW,OECD.ENV.EPI:DSD_AIR_GHG@DF_AIR_GHG(1.0),,I,SLB,,A,,GHG,,_T,,KG_CO2E_PS,,2014,,0.8533567,,A,,3,,,,,,2,,,
DATAFLOW,OECD.ENV.EPI:DSD_AIR_GHG@DF_AIR_GHG(1.0),,I,ZAF,,A,,GHG,,_T,,KG_CO2E_PS,,2014,,9.387836,,A,,3,,,,,,2,,,
DATAFLOW,OECD.ENV.EPI:DSD_AIR_GHG@DF_AIR_GHG(1.0),,I,UKR,,A,,GHG,,_T,,KG_CO2E_PS,,2014,,8.028714,,A,,3,,,,,,2,,,
DATAFLOW,OECD.ENV.EPI:DSD_AIR_GHG@DF_AIR_GHG(1.0),,I,UZB,,A,,GHG,,_T,,KG_CO2E_PS,,2014,,5.650603,,A,,3,,,,,,2,,,
DATAFLOW,OECD.ENV.EPI:DSD_AIR_GHG@DF_AIR_GHG(1.0),,I,VEN,,A,,GHG,,_T,,KG_CO2E_PS,,2014,,8.367807,,A,,3,,,,,,2,,,
DATAFLOW,OECD.ENV.EPI:DSD_AIR_GHG@DF_AIR_GHG(1.0),,I,AUS,,A,,GHG,,_T,,KG_CO2E_PS,,2019,,21.86902,,A,,3,,,,,,2,,,
DATAFLOW,OECD.ENV.EPI:DSD_AIR_GHG@DF_AIR_GHG(1.0),,I,AUT,,A,,GHG,,_T,,KG_CO2E_PS,,2019,,9.08026,,A,,3,,,,,,2,,,
DATAFLOW,OECD.ENV.EPI:DSD_AIR_GHG@DF_AIR_GHG(1.0),,I,BEL,,A,,GHG,,_T,,KG_CO2E_PS,,2019,,10.12343,,A,,3,,,,,,2,,,
DATAFLOW,OECD.ENV.EPI:DSD_AIR_GHG@DF_AIR_GHG(1.0),,I,CAN,,A,,GHG,,_T,,KG_CO2E_PS,,2019,,19.77897,,A,,3,,,,,,2,,,
DATAFLOW,OECD.ENV.EPI:DSD_AIR_GHG@DF_AIR_GHG(1.0),,I,CHL,,A,,GHG,,_T,,KG_CO2E_PS,,2019,,5.682408,,A,,3,,,,,,2,,,
DATAFLOW,OECD.ENV.EPI:DSD_AIR_GHG@DF_AIR_GHG(1.0),,I,COL,,A,,GHG,,_T,,KG_CO2E_PS,,2019,,3.683094,,A,,3,,,,,,2,,,
DATAFLOW,OECD.ENV.EPI:DSD_AIR_GHG@DF_AIR_GHG(1.0),,I,CRI,,A,,GHG,,_T,,KG_CO2E_PS,,2019,,3.187736,,A,,3,,,,,,2,,,
DATAFLOW,OECD.ENV.EPI:DSD_AIR_GHG@DF_AIR_GHG(1.0),,I,CZE,,A,,GHG,,_T,,KG_CO2E_PS,,2019,,11.46535,,A,,3,,,,,,2,,,
DATAFLOW,OECD.ENV.EPI:DSD_AIR_GHG@DF_AIR_GHG(1.0),,I,DNK,,A,,GHG,,_T,,KG_CO2E_PS,,2019,,7.870842,,A,,3,,,,,,2,,,
DATAFLOW,OECD.ENV.EPI:DSD_AIR_GHG@DF_AIR_GHG(1.0),,I,EST,,A,,GHG,,_T,,KG_CO2E_PS,,2019,,10.93776,,A,,3,,,,,,2,,,
DATAFLOW,OECD.ENV.EPI:DSD_AIR_GHG@DF_AIR_GHG(1.0),,I,FIN,,A,,GHG,,_T,,KG_CO2E_PS,,2019,,9.53934,,A,,3,,,,,,2,,,
DATAFLOW,OECD.ENV.EPI:DSD_AIR_GHG@DF_AIR_GHG(1.0),,I,FRA,,A,,GHG,,_T,,KG_CO2E_PS,,2019,,6.62196,,A,,3,,,,,,2,,,
DATAFLOW,OECD.ENV.EPI:DSD_AIR_GHG@DF_AIR_GHG(1.0),,I,DEU,,A,,GHG,,_T,,KG_CO2E_PS,,2019,,9.550692,,A,,3,,,,,,2,,,
DATAFLOW,OECD.ENV.EPI:DSD_AIR_GHG@DF_AIR_GHG(1.0),,I,GRC,,A,,GHG,,_T,,KG_CO2E_PS,,2019,,8.052013,,A,,3,,,,,,2,,,
DATAFLOW,OECD.ENV.EPI:DSD_AIR_GHG@DF_AIR_GHG(1.0),,I,HUN,,A,,GHG,,_T,,KG_CO2E_PS,,2019,,6.646106,,A,,3,,,,,,2,,,
DATAFLOW,OECD.ENV.EPI:DSD_AIR_GHG@DF_AIR_GHG(1.0),,I,ISL,,A,,GHG,,_T,,KG_CO2E_PS,,2019,,13.29792,,A,,3,,,,,,2,,,
DATAFLOW,OECD.ENV.EPI:DSD_AIR_GHG@DF_AIR_GHG(1.0),,I,IRL,,A,,GHG,,_T,,KG_CO2E_PS,,2019,,12.11575,,A,,3,,,,,,2,,,
DATAFLOW,OECD.ENV.EPI:DSD_AIR_GHG@DF_AIR_GHG(1.0),,I,ISR,,A,,GHG,,_T,,KG_CO2E_PS,,2019,,9.402014,,A,,3,,,,,,2,,,
DATAFLOW,OECD.ENV.EPI:DSD_AIR_GHG@DF_AIR_GHG(1.0),,I,ITA,,A,,GHG,,_T,,KG_CO2E_PS,,2019,,6.926384,,A,,3,,,,,,2,,,
DATAFLOW,OECD.ENV.EPI:DSD_AIR_GHG@DF_AIR_GHG(1.0),,I,JPN,,A,,GHG,,_T,,KG_CO2E_PS,,2019,,9.373204,,A,,3,,,,,,2,,,
DATAFLOW,OECD.ENV.EPI:DSD_AIR_GHG@DF_AIR_GHG(1.0),,I,KOR,,A,,GHG,,_T,,KG_CO2E_PS,,2019,,14.66927,,A,,3,,,,,,2,,,
DATAFLOW,OECD.ENV.EPI:DSD_AIR_GHG@DF_AIR_GHG(1.0),,I,LVA,,A,,GHG,,_T,,KG_CO2E_PS,,2019,,5.812749,,A,,3,,,,,,2,,,
DATAFLOW,OECD.ENV.EPI:DSD_AIR_GHG@DF_AIR_GHG(1.0),,I,LTU,,A,,GHG,,_T,,KG_CO2E_PS,,2019,,7.042611,,A,,3,,,,,,2,,,
DATAFLOW,OECD.ENV.EPI:DSD_AIR_GHG@DF_AIR_GHG(1.0),,I,LUX,,A,,GHG,,_T,,KG_CO2E_PS,,2019,,17.33832,,A,,3,,,,,,2,,,
DATAFLOW,OECD.ENV.EPI:DSD_AIR_GHG@DF_AIR_GHG(1.0),,I,MEX,,A,,GHG,,_T,,KG_CO2E_PS,,2019,,6.061272,,A,,3,,,,,,2,,,
DATAFLOW,OECD.ENV.EPI:DSD_AIR_GHG@DF_AIR_GHG(1.0),,I,NLD,,A,,GHG,,_T,,KG_CO2E_PS,,2019,,10.32719,,A,,3,,,,,,2,,,
DATAFLOW,OECD.ENV.EPI:DSD_AIR_GHG@DF_AIR_GHG(1.0),,I,NZL,,A,,GHG,,_T,,KG_CO2E_PS,,2019,,16.84859,,A,,3,,,,,,2,,,
DATAFLOW,OECD.ENV.EPI:DSD_AIR_GHG@DF_AIR_GHG(1.0),,I,NOR,,A,,GHG,,_T,,KG_CO2E_PS,,2019,,9.548388,,A,,3,,,,,,2,,,
DATAFLOW,OECD.ENV.EPI:DSD_AIR_GHG@DF_AIR_GHG(1.0),,I,POL,,A,,GHG,,_T,,KG_CO2E_PS,,2019,,10.09156,,A,,3,,,,,,2,,,
DATAFLOW,OECD.ENV.EPI:DSD_AIR_GHG@DF_AIR_GHG(1.0),,I,PRT,,A,,GHG,,_T,,KG_CO2E_PS,,2019,,6.13362,,A,,3,,,,,,2,,,
DATAFLOW,OECD.ENV.EPI:DSD_AIR_GHG@DF_AIR_GHG(1.0),,I,SVK,,A,,GHG,,_T,,KG_CO2E_PS,,2019,,7.267905,,A,,3,,,,,,2,,,
DATAFLOW,OECD.ENV.EPI:DSD_AIR_GHG@DF_AIR_GHG(1.0),,I,SVN,,A,,GHG,,_T,,KG_CO2E_PS,,2019,,8.222804,,A,,3,,,,,,2,,,
DATAFLOW,OECD.ENV.EPI:DSD_AIR_GHG@DF_AIR_GHG(1.0),,I,ESP,,A,,GHG,,_T,,KG_CO2E_PS,,2019,,6.511927,,A,,3,,,,,,2,,,
DATAFLOW,OECD.ENV.EPI:DSD_AIR_GHG@DF_AIR_GHG(1.0),,I,SWE,,A,,GHG,,_T,,KG_CO2E_PS,,2019,,4.883338,,A,,3,,,,,,2,,,
DATAFLOW,OECD.ENV.EPI:DSD_AIR_GHG@DF_AIR_GHG(1.0),,I,CHE,,A,,GHG,,_T,,KG_CO2E_PS,,2019,,5.440202,,A,,3,,,,,,2,,,
DATAFLOW,OECD.ENV.EPI:DSD_AIR_GHG@DF_AIR_GHG(1.0),,I,TUR,,A,,GHG,,_T,,KG_CO2E_PS,,2019,,6.066827,,A,,3,,,,,,2,,,
DATAFLOW,OECD.ENV.EPI:DSD_AIR_GHG@DF_AIR_GHG(1.0),,I,GBR,,A,,GHG,,_T,,KG_CO2E_PS,,2019,,6.692477,,A,,3,,,,,,2,,,
DATAFLOW,OECD.ENV.EPI:DSD_AIR_GHG@DF_AIR_GHG(1.0),,I,USA,,A,,GHG,,_T,,KG_CO2E_PS,,2019,,19.50954,,A,,3,,,,,,2,,,
DATAFLOW,OECD.ENV.EPI:DSD_AIR_GHG@DF_AIR_GHG(1.0),,I,EU27_2020,,A,,GHG,,_T,,KG_CO2E_PS,,2019,,8.011375,,A,,3,,,,,,2,,,
DATAFLOW,OECD.ENV.EPI:DSD_AIR_GHG@DF_AIR_GHG(1.0),,I,OECD,,A,,GHG,,_T,,KG_CO2E_PS,,2019,,11.29338,,A,,3,,,,,,2,,,
DATAFLOW,OECD.ENV.EPI:DSD_AIR_GHG@DF_AIR_GHG(1.0),,I,OECDA,,A,,GHG,,_T,,KG_CO2E_PS,,2019,,14.61237,,A,,3,,,,,,2,,,
DATAFLOW,OECD.ENV.EPI:DSD_AIR_GHG@DF_AIR_GHG(1.0),,I,OECDSO,,A,,GHG,,_T,,KG_CO2E_PS,,2019,,12.26959,,A,,3,,,,,,2,,,
DATAFLOW,OECD.ENV.EPI:DSD_AIR_GHG@DF_AIR_GHG(1.0),,I,OECDE,,A,,GHG,,_T,,KG_CO2E_PS,,2019,,7.645977,,A,,3,,,,,,2,,,
DATAFLOW,OECD.ENV.EPI:DSD_AIR_GHG@DF_AIR_GHG(1.0),,I,DZA,,A,,GHG,,_T,,KG_CO2E_PS,,2019,,5.287959,,A,,3,,,,,,2,,,
DATAFLOW,OECD.ENV.EPI:DSD_AIR_GHG@DF_AIR_GHG(1.0),,I,ARG,,A,,GHG,,_T,,KG_CO2E_PS,,2019,,7.473238,,A,,3,,,,,,2,,,
DATAFLOW,OECD.ENV.EPI:DSD_AIR_GHG@DF_AIR_GHG(1.0),,I,BLR,,A,,GHG,,_T,,KG_CO2E_PS,,2019,,9.808526,,A,,3,,,,,,2,,,
DATAFLOW,OECD.ENV.EPI:DSD_AIR_GHG@DF_AIR_GHG(1.0),,I,BTN,,A,,GHG,,_T,,KG_CO2E_PS,,2019,,1.872337,,A,,3,,,,,,2,,,
DATAFLOW,OECD.ENV.EPI:DSD_AIR_GHG@DF_AIR_GHG(1.0),,I,BRA,,A,,GHG,,_T,,KG_CO2E_PS,,2019,,5.59519,,A,,3,,,,,,2,,,
DATAFLOW,OECD.ENV.EPI:DSD_AIR_GHG@DF_AIR_GHG(1.0),,I,BRN,,A,,GHG,,_T,,KG_CO2E_PS,,2019,,25.95554,,A,,3,,,,,,2,,,
DATAFLOW,OECD.ENV.EPI:DSD_AIR_GHG@DF_AIR_GHG(1.0),,I,BGR,,A,,GHG,,_T,,KG_CO2E_PS,,2019,,7.72982,,A,,3,,,,,,2,,,
DATAFLOW,OECD.ENV.EPI:DSD_AIR_GHG@DF_AIR_GHG(1.0),,I,CIV,,A,,GHG,,_T,,KG_CO2E_PS,,2019,,1.682472,,A,,3,,,,,,2,,,
DATAFLOW,OECD.ENV.EPI:DSD_AIR_GHG@DF_AIR_GHG(1.0),,I,HRV,,A,,GHG,,_T,,KG_CO2E_PS,,2019,,6.225204,,A,,3,,,,,,2,,,
DATAFLOW,OECD.ENV.EPI:DSD_AIR_GHG@DF_AIR_GHG(1.0),,I,CUB,,A,,GHG,,_T,,KG_CO2E_PS,,2019,,4.692558,,A,,3,,,,,,2,,,
DATAFLOW,OECD.ENV.EPI:DSD_AIR_GHG@DF_AIR_GHG(1.0),,I,CYP,,A,,GHG,,_T,,KG_CO2E_PS,,2019,,6.542007,,A,,3,,,,,,2,,,
DATAFLOW,OECD.ENV.EPI:DSD_AIR_GHG@DF_AIR_GHG(1.0),,I,EGY,,A,,GHG,,_T,,KG_CO2E_PS,,2019,,3.204049,,A,,3,,,,,,2,,,
DATAFLOW,OECD.ENV.EPI:DSD_AIR_GHG@DF_AIR_GHG(1.0),,I,GEO,,A,,GHG,,_T,,KG_CO2E_PS,,2019,,4.74158,,A,,3,,,,,,2,,,
DATAFLOW,OECD.ENV.EPI:DSD_AIR_GHG@DF_AIR_GHG(1.0),,I,GHA,,A,,GHG,,_T,,KG_CO2E_PS,,2019,,1.366898,,A,,3,,,,,,2,,,
DATAFLOW,OECD.ENV.EPI:DSD_AIR_GHG@DF_AIR_GHG(1.0),,I,GTM,,A,,GHG,,_T,,KG_CO2E_PS,,2019,,1.882364,,A,,3,,,,,,2,,,
DATAFLOW,OECD.ENV.EPI:DSD_AIR_GHG@DF_AIR_GHG(1.0),,I,GNB,,A,,GHG,,_T,,KG_CO2E_PS,,2019,,0.7790754,,A,,3,,,,,,2,,,
DATAFLOW,OECD.ENV.EPI:DSD_AIR_GHG@DF_AIR_GHG(1.0),,I,GUY,,A,,GHG,,_T,,KG_CO2E_PS,,2019,,6.561252,,A,,3,,,,,,2,,,
DATAFLOW,OECD.ENV.EPI:DSD_AIR_GHG@DF_AIR_GHG(1.0),,I,VAT,,A,,GHG,,_T,,KG_CO2E_PS,,2019,,29.66224,,A,,3,,,,,,2,,,
DATAFLOW,OECD.ENV.EPI:DSD_AIR_GHG@DF_AIR_GHG(1.0),,I,IDN,,A,,GHG,,_T,,KG_CO2E_PS,,2019,,3.556219,,A,,3,,,,,,2,,,
DATAFLOW,OECD.ENV.EPI:DSD_AIR_GHG@DF_AIR_GHG(1.0),,I,KAZ,,A,,GHG,,_T,,KG_CO2E_PS,,2019,,19.34913,,A,,3,,,,,,2,,,
DATAFLOW,OECD.ENV.EPI:DSD_AIR_GHG@DF_AIR_GHG(1.0),,I,KEN,,A,,GHG,,_T,,KG_CO2E_PS,,2019,,1.286968,,A,,3,,,,,,2,,,
DATAFLOW,OECD.ENV.EPI:DSD_AIR_GHG@DF_AIR_GHG(1.0),,I,LIE,,A,,GHG,,_T,,KG_CO2E_PS,,2019,,4.868305,,A,,3,,,,,,2,,,
DATAFLOW,OECD.ENV.EPI:DSD_AIR_GHG@DF_AIR_GHG(1.0),,I,MYS,,A,,GHG,,_T,,KG_CO2E_PS,,2019,,9.942006,,A,,3,,,,,,2,,,
DATAFLOW,OECD.ENV.EPI:DSD_AIR_GHG@DF_AIR_GHG(1.0),,I,MDV,,A,,GHG,,_T,,KG_CO2E_PS,,2019,,4.476469,,A,,3,,,,,,2,,,
DATAFLOW,OECD.ENV.EPI:DSD_AIR_GHG@DF_AIR_GHG(1.0),,I,MLT,,A,,GHG,,_T,,KG_CO2E_PS,,2019,,4.219994,,A,,3,,,,,,2,,,
DATAFLOW,OECD.ENV.EPI:DSD_AIR_GHG@DF_AIR_GHG(1.0),,I,MUS,,A,,GHG,,_T,,KG_CO2E_PS,,2019,,4.57325,,A,,3,,,,,,2,,,
DATAFLOW,OECD.ENV.EPI:DSD_AIR_GHG@DF_AIR_GHG(1.0),,I,MDA,,A,,GHG,,_T,,KG_CO2E_PS,,2019,,4.370677,,A,,3,,,,,,2,,,
DATAFLOW,OECD.ENV.EPI:DSD_AIR_GHG@DF_AIR_GHG(1.0),,I,MCO,,A,,GHG,,_T,,KG_CO2E_PS,,2019,,2.157267,,A,,3,,,,,,2,,,
DATAFLOW,OECD.ENV.EPI:DSD_AIR_GHG@DF_AIR_GHG(1.0),,I,NAM,,A,,GHG,,_T,,KG_CO2E_PS,,2019,,3.983455,,A,,3,,,,,,2,,,
DATAFLOW,OECD.ENV.EPI:DSD_AIR_GHG@DF_AIR_GHG(1.0),,I,NPL,,A,,GHG,,_T,,KG_CO2E_PS,,2019,,1.853793,,A,,3,,,,,,2,,,
DATAFLOW,OECD.ENV.EPI:DSD_AIR_GHG@DF_AIR_GHG(1.0),,I,NGA,,A,,GHG,,_T,,KG_CO2E_PS,,2019,,1.519398,,A,,3,,,,,,2,,,
DATAFLOW,OECD.ENV.EPI:DSD_AIR_GHG@DF_AIR_GHG(1.0),,I,PAN,,A,,GHG,,_T,,KG_CO2E_PS,,2019,,5.162121,,A,,3,,,,,,2,,,
DATAFLOW,OECD.ENV.EPI:DSD_AIR_GHG@DF_AIR_GHG(1.0),,I,PER,,A,,GHG,,_T,,KG_CO2E_PS,,2019,,3.26907,,A,,3,,,,,,2,,,
DATAFLOW,OECD.ENV.EPI:DSD_AIR_GHG@DF_AIR_GHG(1.0),,I,ROU,,A,,GHG,,_T,,KG_CO2E_PS,,2019,,5.912965,,A,,3,,,,,,2,,,
DATAFLOW,OECD.ENV.EPI:DSD_AIR_GHG@DF_AIR_GHG(1.0),,I,RUS,,A,,GHG,,_T,,KG_CO2E_PS,,2019,,13.99041,,A,,3,,,,,,2,,,
DATAFLOW,OECD.ENV.EPI:DSD_AIR_GHG@DF_AIR_GHG(1.0),,I,RWA,,A,,GHG,,_T,,KG_CO2E_PS,,2019,,0.8924332,,A,,3,,,,,,2,,,
DATAFLOW,OECD.ENV.EPI:DSD_AIR_GHG@DF_AIR_GHG(1.0),,I,SAU,,A,,GHG,,_T,,KG_CO2E_PS,,2019,,22.00738,,A,,3,,,,,,2,,,
DATAFLOW,OECD.ENV.EPI:DSD_AIR_GHG@DF_AIR_GHG(1.0),,I,SRB,,A,,GHG,,_T,,KG_CO2E_PS,,2019,,8.99412,,A,,3,,,,,,2,,,
DATAFLOW,OECD.ENV.EPI:DSD_AIR_GHG@DF_AIR_GHG(1.0),,I,SGP,,A,,GHG,,_T,,KG_CO2E_PS,,2019,,9.800837,,A,,3,,,,,,2,,,
DATAFLOW,OECD.ENV.EPI:DSD_AIR_GHG@DF_AIR_GHG(1.0),,I,SLB,,A,,GHG,,_T,,KG_CO2E_PS,,2019,,0.8503432,,A,,3,,,,,,2,,,
DATAFLOW,OECD.ENV.EPI:DSD_AIR_GHG@DF_AIR_GHG(1.0),,I,ZAF,,A,,GHG,,_T,,KG_CO2E_PS,,2019,,8.34868,,A,,3,,,,,,2,,,
DATAFLOW,OECD.ENV.EPI:DSD_AIR_GHG@DF_AIR_GHG(1.0),,I,UKR,,A,,GHG,,_T,,KG_CO2E_PS,,2019,,7.569845,,A,,3,,,,,,2,,,
DATAFLOW,OECD.ENV.EPI:DSD_AIR_GHG@DF_AIR_GHG(1.0),,I,UZB,,A,,GHG,,_T,,KG_CO2E_PS,,2019,,5.712653,,A,,3,,,,,,2,,,
DATAFLOW,OECD.ENV.EPI:DSD_AIR_GHG@DF_AIR_GHG(1.0),,I,VEN,,A,,GHG,,_T,,KG_CO2E_PS,,2019,,5.560651,,A,,3,,,,,,2,,,
DATAFLOW,OECD.ENV.EPI:DSD_AIR_GHG@DF_AIR_GHG(1.0),,I,AUS,,A,,GHG,,_T,,KG_CO2E_PS,,2016,,22.74003,,A,,3,,,,,,2,,,
DATAFLOW,OECD.ENV.EPI:DSD_AIR_GHG@DF_AIR_GHG(1.0),,I,AUT,,A,,GHG,,_T,,KG_CO2E_PS,,2016,,9.192056,,A,,3,,,,,,2,,,
DATAFLOW,OECD.ENV.EPI:DSD_AIR_GHG@DF_AIR_GHG(1.0),,I,BEL,,A,,GHG,,_T,,KG_CO2E_PS,,2016,,10.34431,,A,,3,,,,,,2,,,
DATAFLOW,OECD.ENV.EPI:DSD_AIR_GHG@DF_AIR_GHG(1.0),,I,CAN,,A,,GHG,,_T,,KG_CO2E_PS,,2016,,19.9407,,A,,3,,,,,,2,,,
DATAFLOW,OECD.ENV.EPI:DSD_AIR_GHG@DF_AIR_GHG(1.0),,I,CHL,,A,,GHG,,_T,,KG_CO2E_PS,,2016,,5.755747,,A,,3,,,,,,2,,,
DATAFLOW,OECD.ENV.EPI:DSD_AIR_GHG@DF_AIR_GHG(1.0),,I,COL,,A,,GHG,,_T,,KG_CO2E_PS,,2016,,3.601354,,A,,3,,,,,,2,,,
DATAFLOW,OECD.ENV.EPI:DSD_AIR_GHG@DF_AIR_GHG(1.0),,I,CRI,,A,,GHG,,_T,,KG_CO2E_PS,,2016,,3.103583,,A,,3,,,,,,2,,,
DATAFLOW,OECD.ENV.EPI:DSD_AIR_GHG@DF_AIR_GHG(1.0),,I,CZE,,A,,GHG,,_T,,KG_CO2E_PS,,2016,,12.13502,,A,,3,,,,,,2,,,
DATAFLOW,OECD.ENV.EPI:DSD_AIR_GHG@DF_AIR_GHG(1.0),,I,DNK,,A,,GHG,,_T,,KG_CO2E_PS,,2016,,9.11466,,A,,3,,,,,,2,,,
DATAFLOW,OECD.ENV.EPI:DSD_AIR_GHG@DF_AIR_GHG(1.0),,I,EST,,A,,GHG,,_T,,KG_CO2E_PS,,2016,,14.84915,,A,,3,,,,,,2,,,
DATAFLOW,OECD.ENV.EPI:DSD_AIR_GHG@DF_AIR_GHG(1.0),,I,FIN,,A,,GHG,,_T,,KG_CO2E_PS,,2016,,10.53471,,A,,3,,,,,,2,,,
DATAFLOW,OECD.ENV.EPI:DSD_AIR_GHG@DF_AIR_GHG(1.0),,I,FRA,,A,,GHG,,_T,,KG_CO2E_PS,,2016,,7.093895,,A,,3,,,,,,2,,,
DATAFLOW,OECD.ENV.EPI:DSD_AIR_GHG@DF_AIR_GHG(1.0),,I,DEU,,A,,GHG,,_T,,KG_CO2E_PS,,2016,,10.84203,,A,,3,,,,,,2,,,
DATAFLOW,OECD.ENV.EPI:DSD_AIR_GHG@DF_AIR_GHG(1.0),,I,GRC,,A,,GHG,,_T,,KG_CO2E_PS,,2016,,8.574775,,A,,3,,,,,,2,,,
DATAFLOW,OECD.ENV.EPI:DSD_AIR_GHG@DF_AIR_GHG(1.0),,I,HUN,,A,,GHG,,_T,,KG_CO2E_PS,,2016,,6.425023,,A,,3,,,,,,2,,,
DATAFLOW,OECD.ENV.EPI:DSD_AIR_GHG@DF_AIR_GHG(1.0),,I,ISL,,A,,GHG,,_T,,KG_CO2E_PS,,2016,,14.29545,,A,,3,,,,,,2,,,
DATAFLOW,OECD.ENV.EPI:DSD_AIR_GHG@DF_AIR_GHG(1.0),,I,IRL,,A,,GHG,,_T,,KG_CO2E_PS,,2016,,13.19347,,A,,3,,,,,,2,,,
DATAFLOW,OECD.ENV.EPI:DSD_AIR_GHG@DF_AIR_GHG(1.0),,I,ISR,,A,,GHG,,_T,,KG_CO2E_PS,,2016,,9.846153,,A,,3,,,,,,2,,,
DATAFLOW,OECD.ENV.EPI:DSD_AIR_GHG@DF_AIR_GHG(1.0),,I,ITA,,A,,GHG,,_T,,KG_CO2E_PS,,2016,,7.262397,,A,,3,,,,,,2,,,
DATAFLOW,OECD.ENV.EPI:DSD_AIR_GHG@DF_AIR_GHG(1.0),,I,JPN,,A,,GHG,,_T,,KG_CO2E_PS,,2016,,10.10148,,A,,3,,,,,,2,,,
DATAFLOW,OECD.ENV.EPI:DSD_AIR_GHG@DF_AIR_GHG(1.0),,I,KOR,,A,,GHG,,_T,,KG_CO2E_PS,,2016,,14.37503,,A,,3,,,,,,2,,,
DATAFLOW,OECD.ENV.EPI:DSD_AIR_GHG@DF_AIR_GHG(1.0),,I,LVA,,A,,GHG,,_T,,KG_CO2E_PS,,2016,,5.48277,,A,,3,,,,,,2,,,
DATAFLOW,OECD.ENV.EPI:DSD_AIR_GHG@DF_AIR_GHG(1.0),,I,LTU,,A,,GHG,,_T,,KG_CO2E_PS,,2016,,6.866907,,A,,3,,,,,,2,,,
DATAFLOW,OECD.ENV.EPI:DSD_AIR_GHG@DF_AIR_GHG(1.0),,I,LUX,,A,,GHG,,_T,,KG_CO2E_PS,,2016,,17.31256,,A,,3,,,,,,2,,,
DATAFLOW,OECD.ENV.EPI:DSD_AIR_GHG@DF_AIR_GHG(1.0),,I,MEX,,A,,GHG,,_T,,KG_CO2E_PS,,2016,,6.438936,,A,,3,,,,,,2,,,
DATAFLOW,OECD.ENV.EPI:DSD_AIR_GHG@DF_AIR_GHG(1.0),,I,NLD,,A,,GHG,,_T,,KG_CO2E_PS,,2016,,11.32236,,A,,3,,,,,,2,,,
DATAFLOW,OECD.ENV.EPI:DSD_AIR_GHG@DF_AIR_GHG(1.0),,I,NZL,,A,,GHG,,_T,,KG_CO2E_PS,,2016,,17.20145,,A,,3,,,,,,2,,,
DATAFLOW,OECD.ENV.EPI:DSD_AIR_GHG@DF_AIR_GHG(1.0),,I,NOR,,A,,GHG,,_T,,KG_CO2E_PS,,2016,,10.18965,,A,,3,,,,,,2,,,
DATAFLOW,OECD.ENV.EPI:DSD_AIR_GHG@DF_AIR_GHG(1.0),,I,POL,,A,,GHG,,_T,,KG_CO2E_PS,,2016,,10.28008,,A,,3,,,,,,2,,,
DATAFLOW,OECD.ENV.EPI:DSD_AIR_GHG@DF_AIR_GHG(1.0),,I,PRT,,A,,GHG,,_T,,KG_CO2E_PS,,2016,,6.339368,,A,,3,,,,,,2,,,
DATAFLOW,OECD.ENV.EPI:DSD_AIR_GHG@DF_AIR_GHG(1.0),,I,SVK,,A,,GHG,,_T,,KG_CO2E_PS,,2016,,7.545991,,A,,3,,,,,,2,,,
DATAFLOW,OECD.ENV.EPI:DSD_AIR_GHG@DF_AIR_GHG(1.0),,I,SVN,,A,,GHG,,_T,,KG_CO2E_PS,,2016,,8.603161,,A,,3,,,,,,2,,,
DATAFLOW,OECD.ENV.EPI:DSD_AIR_GHG@DF_AIR_GHG(1.0),,I,ESP,,A,,GHG,,_T,,KG_CO2E_PS,,2016,,6.855799,,A,,3,,,,,,2,,,
DATAFLOW,OECD.ENV.EPI:DSD_AIR_GHG@DF_AIR_GHG(1.0),,I,SWE,,A,,GHG,,_T,,KG_CO2E_PS,,2016,,5.360955,,A,,3,,,,,,2,,,
DATAFLOW,OECD.ENV.EPI:DSD_AIR_GHG@DF_AIR_GHG(1.0),,I,CHE,,A,,GHG,,_T,,KG_CO2E_PS,,2016,,5.892591,,A,,3,,,,,,2,,,
DATAFLOW,OECD.ENV.EPI:DSD_AIR_GHG@DF_AIR_GHG(1.0),,I,TUR,,A,,GHG,,_T,,KG_CO2E_PS,,2016,,6.184704,,A,,3,,,,,,2,,,
DATAFLOW,OECD.ENV.EPI:DSD_AIR_GHG@DF_AIR_GHG(1.0),,I,GBR,,A,,GHG,,_T,,KG_CO2E_PS,,2016,,7.366669,,A,,3,,,,,,2,,,
DATAFLOW,OECD.ENV.EPI:DSD_AIR_GHG@DF_AIR_GHG(1.0),,I,USA,,A,,GHG,,_T,,KG_CO2E_PS,,2016,,19.98921,,A,,3,,,,,,2,,,
DATAFLOW,OECD.ENV.EPI:DSD_AIR_GHG@DF_AIR_GHG(1.0),,I,EU27_2020,,A,,GHG,,_T,,KG_CO2E_PS,,2016,,8.554728,,A,,3,,,,,,2,,,
DATAFLOW,OECD.ENV.EPI:DSD_AIR_GHG@DF_AIR_GHG(1.0),,I,OECD,,A,,GHG,,_T,,KG_CO2E_PS,,2016,,11.73479,,A,,3,,,,,,2,,,
DATAFLOW,OECD.ENV.EPI:DSD_AIR_GHG@DF_AIR_GHG(1.0),,I,OECDA,,A,,GHG,,_T,,KG_CO2E_PS,,2016,,15.01252,,A,,3,,,,,,2,,,
DATAFLOW,OECD.ENV.EPI:DSD_AIR_GHG@DF_AIR_GHG(1.0),,I,OECDSO,,A,,GHG,,_T,,KG_CO2E_PS,,2016,,12.68936,,A,,3,,,,,,2,,,
DATAFLOW,OECD.ENV.EPI:DSD_AIR_GHG@DF_AIR_GHG(1.0),,I,OECDE,,A,,GHG,,_T,,KG_CO2E_PS,,2016,,8.185606,,A,,3,,,,,,2,,,
DATAFLOW,OECD.ENV.EPI:DSD_AIR_GHG@DF_AIR_GHG(1.0),,I,DZA,,A,,GHG,,_T,,KG_CO2E_PS,,2016,,5.054544,,A,,3,,,,,,2,,,
DATAFLOW,OECD.ENV.EPI:DSD_AIR_GHG@DF_AIR_GHG(1.0),,I,ARG,,A,,GHG,,_T,,KG_CO2E_PS,,2016,,7.859378,,A,,3,,,,,,2,,,
DATAFLOW,OECD.ENV.EPI:DSD_AIR_GHG@DF_AIR_GHG(1.0),,I,BLR,,A,,GHG,,_T,,KG_CO2E_PS,,2016,,9.244925,,A,,3,,,,,,2,,,
DATAFLOW,OECD.ENV.EPI:DSD_AIR_GHG@DF_AIR_GHG(1.0),,I,BRA,,A,,GHG,,_T,,KG_CO2E_PS,,2016,,5.744674,,A,,3,,,,,,2,,,
DATAFLOW,OECD.ENV.EPI:DSD_AIR_GHG@DF_AIR_GHG(1.0),,I,BRN,,A,,GHG,,_T,,KG_CO2E_PS,,2016,,27.08624,,A,,3,,,,,,2,,,
DATAFLOW,OECD.ENV.EPI:DSD_AIR_GHG@DF_AIR_GHG(1.0),,I,BGR,,A,,GHG,,_T,,KG_CO2E_PS,,2016,,8.108453,,A,,3,,,,,,2,,,
DATAFLOW,OECD.ENV.EPI:DSD_AIR_GHG@DF_AIR_GHG(1.0),,I,CIV,,A,,GHG,,_T,,KG_CO2E_PS,,2016,,1.795058,,A,,3,,,,,,2,,,
DATAFLOW,OECD.ENV.EPI:DSD_AIR_GHG@DF_AIR_GHG(1.0),,I,HRV,,A,,GHG,,_T,,KG_CO2E_PS,,2016,,6.025329,,A,,3,,,,,,2,,,
DATAFLOW,OECD.ENV.EPI:DSD_AIR_GHG@DF_AIR_GHG(1.0),,I,CUB,,A,,GHG,,_T,,KG_CO2E_PS,,2016,,5.114254,,A,,3,,,,,,2,,,
DATAFLOW,OECD.ENV.EPI:DSD_AIR_GHG@DF_AIR_GHG(1.0),,I,CYP,,A,,GHG,,_T,,KG_CO2E_PS,,2016,,7.082761,,A,,3,,,,,,2,,,
DATAFLOW,OECD.ENV.EPI:DSD_AIR_GHG@DF_AIR_GHG(1.0),,I,EGY,,A,,GHG,,_T,,KG_CO2E_PS,,2016,,3.422747,,A,,3,,,,,,2,,,
DATAFLOW,OECD.ENV.EPI:DSD_AIR_GHG@DF_AIR_GHG(1.0),,I,GEO,,A,,GHG,,_T,,KG_CO2E_PS,,2016,,4.921393,,A,,3,,,,,,2,,,
DATAFLOW,OECD.ENV.EPI:DSD_AIR_GHG@DF_AIR_GHG(1.0),,I,GHA,,A,,GHG,,_T,,KG_CO2E_PS,,2016,,1.189614,,A,,3,,,,,,2,,,
DATAFLOW,OECD.ENV.EPI:DSD_AIR_GHG@DF_AIR_GHG(1.0),,I,GTM,,A,,GHG,,_T,,KG_CO2E_PS,,2016,,1.926159,,A,,3,,,,,,2,,,
DATAFLOW,OECD.ENV.EPI:DSD_AIR_GHG@DF_AIR_GHG(1.0),,I,GNB,,A,,GHG,,_T,,KG_CO2E_PS,,2016,,0.7221428,,A,,3,,,,,,2,,,
DATAFLOW,OECD.ENV.EPI:DSD_AIR_GHG@DF_AIR_GHG(1.0),,I,GUY,,A,,GHG,,_T,,KG_CO2E_PS,,2016,,6.111522,,A,,3,,,,,,2,,,
DATAFLOW,OECD.ENV.EPI:DSD_AIR_GHG@DF_AIR_GHG(1.0),,I,VAT,,A,,GHG,,_T,,KG_CO2E_PS,,2016,,29.30915,,A,,3,,,,,,2,,,
DATAFLOW,OECD.ENV.EPI:DSD_AIR_GHG@DF_AIR_GHG(1.0),,I,IND,,A,,GHG,,_T,,KG_CO2E_PS,,2016,,2.198557,,A,,3,,,,,,2,,,
DATAFLOW,OECD.ENV.EPI:DSD_AIR_GHG@DF_AIR_GHG(1.0),,I,IDN,,A,,GHG,,_T,,KG_CO2E_PS,,2016,,3.093477,,A,,3,,,,,,2,,,
DATAFLOW,OECD.ENV.EPI:DSD_AIR_GHG@DF_AIR_GHG(1.0),,I,KAZ,,A,,GHG,,_T,,KG_CO2E_PS,,2016,,20.0808,,A,,3,,,,,,2,,,
DATAFLOW,OECD.ENV.EPI:DSD_AIR_GHG@DF_AIR_GHG(1.0),,I,KEN,,A,,GHG,,_T,,KG_CO2E_PS,,2016,,1.255773,,A,,3,,,,,,2,,,
DATAFLOW,OECD.ENV.EPI:DSD_AIR_GHG@DF_AIR_GHG(1.0),,I,LIE,,A,,GHG,,_T,,KG_CO2E_PS,,2016,,4.973462,,A,,3,,,,,,2,,,
DATAFLOW,OECD.ENV.EPI:DSD_AIR_GHG@DF_AIR_GHG(1.0),,I,MYS,,A,,GHG,,_T,,KG_CO2E_PS,,2016,,10.00872,,A,,3,,,,,,2,,,
DATAFLOW,OECD.ENV.EPI:DSD_AIR_GHG@DF_AIR_GHG(1.0),,I,MDV,,A,,GHG,,_T,,KG_CO2E_PS,,2016,,3.767199,,A,,3,,,,,,2,,,
DATAFLOW,OECD.ENV.EPI:DSD_AIR_GHG@DF_AIR_GHG(1.0),,I,MLT,,A,,GHG,,_T,,KG_CO2E_PS,,2016,,4.067336,,A,,3,,,,,,2,,,
DATAFLOW,OECD.ENV.EPI:DSD_AIR_GHG@DF_AIR_GHG(1.0),,I,MUS,,A,,GHG,,_T,,KG_CO2E_PS,,2016,,4.154706,,A,,3,,,,,,2,,,
DATAFLOW,OECD.ENV.EPI:DSD_AIR_GHG@DF_AIR_GHG(1.0),,I,MDA,,A,,GHG,,_T,,KG_CO2E_PS,,2016,,4.138269,,A,,3,,,,,,2,,,
DATAFLOW,OECD.ENV.EPI:DSD_AIR_GHG@DF_AIR_GHG(1.0),,I,MCO,,A,,GHG,,_T,,KG_CO2E_PS,,2016,,2.329862,,A,,3,,,,,,2,,,
DATAFLOW,OECD.ENV.EPI:DSD_AIR_GHG@DF_AIR_GHG(1.0),,I,MAR,,A,,GHG,,_T,,KG_CO2E_PS,,2016,,2.473351,,A,,3,,,,,,2,,,
DATAFLOW,OECD.ENV.EPI:DSD_AIR_GHG@DF_AIR_GHG(1.0),,I,NAM,,A,,GHG,,_T,,KG_CO2E_PS,,2016,,5.007187,,A,,3,,,,,,2,,,
DATAFLOW,OECD.ENV.EPI:DSD_AIR_GHG@DF_AIR_GHG(1.0),,I,NPL,,A,,GHG,,_T,,KG_CO2E_PS,,2016,,1.544541,,A,,3,,,,,,2,,,
DATAFLOW,OECD.ENV.EPI:DSD_AIR_GHG@DF_AIR_GHG(1.0),,I,NGA,,A,,GHG,,_T,,KG_CO2E_PS,,2016,,1.523554,,A,,3,,,,,,2,,,
DATAFLOW,OECD.ENV.EPI:DSD_AIR_GHG@DF_AIR_GHG(1.0),,I,PAN,,A,,GHG,,_T,,KG_CO2E_PS,,2016,,4.467756,,A,,3,,,,,,2,,,
DATAFLOW,OECD.ENV.EPI:DSD_AIR_GHG@DF_AIR_GHG(1.0),,I,PER,,A,,GHG,,_T,,KG_CO2E_PS,,2016,,3.269104,,A,,3,,,,,,2,,,
DATAFLOW,OECD.ENV.EPI:DSD_AIR_GHG@DF_AIR_GHG(1.0),,I,ROU,,A,,GHG,,_T,,KG_CO2E_PS,,2016,,5.806685,,A,,3,,,,,,2,,,
DATAFLOW,OECD.ENV.EPI:DSD_AIR_GHG@DF_AIR_GHG(1.0),,I,RUS,,A,,GHG,,_T,,KG_CO2E_PS,,2016,,13.45777,,A,,3,,,,,,2,,,
DATAFLOW,OECD.ENV.EPI:DSD_AIR_GHG@DF_AIR_GHG(1.0),,I,RWA,,A,,GHG,,_T,,KG_CO2E_PS,,2016,,0.7621484,,A,,3,,,,,,2,,,
DATAFLOW,OECD.ENV.EPI:DSD_AIR_GHG@DF_AIR_GHG(1.0),,I,SRB,,A,,GHG,,_T,,KG_CO2E_PS,,2016,,9.027099,,A,,3,,,,,,2,,,
DATAFLOW,OECD.ENV.EPI:DSD_AIR_GHG@DF_AIR_GHG(1.0),,I,SGP,,A,,GHG,,_T,,KG_CO2E_PS,,2016,,9.712685,,A,,3,,,,,,2,,,
DATAFLOW,OECD.ENV.EPI:DSD_AIR_GHG@DF_AIR_GHG(1.0),,I,SLB,,A,,GHG,,_T,,KG_CO2E_PS,,2016,,0.9021343,,A,,3,,,,,,2,,,
DATAFLOW,OECD.ENV.EPI:DSD_AIR_GHG@DF_AIR_GHG(1.0),,I,ZAF,,A,,GHG,,_T,,KG_CO2E_PS,,2016,,8.87429,,A,,3,,,,,,2,,,
DATAFLOW,OECD.ENV.EPI:DSD_AIR_GHG@DF_AIR_GHG(1.0),,I,UKR,,A,,GHG,,_T,,KG_CO2E_PS,,2016,,7.525199,,A,,3,,,,,,2,,,
DATAFLOW,OECD.ENV.EPI:DSD_AIR_GHG@DF_AIR_GHG(1.0),,I,UZB,,A,,GHG,,_T,,KG_CO2E_PS,,2016,,5.477135,,A,,3,,,,,,2,,,
DATAFLOW,OECD.ENV.EPI:DSD_AIR_GHG@DF_AIR_GHG(1.0),,I,VEN,,A,,GHG,,_T,,KG_CO2E_PS,,2016,,7.393056,,A,,3,,,,,,2,,,
DATAFLOW,OECD.ENV.EPI:DSD_AIR_GHG@DF_AIR_GHG(1.0),,I,AUS,,A,,GHG,,_T,,KG_CO2E_PS,,2021,,20.40214,,A,,3,,,,,,2,,,
DATAFLOW,OECD.ENV.EPI:DSD_AIR_GHG@DF_AIR_GHG(1.0),,I,AUT,,A,,GHG,,_T,,KG_CO2E_PS,,2021,,8.706675,,A,,3,,,,,,2,,,
DATAFLOW,OECD.ENV.EPI:DSD_AIR_GHG@DF_AIR_GHG(1.0),,I,BEL,,A,,GHG,,_T,,KG_CO2E_PS,,2021,,9.486282,,A,,3,,,,,,2,,,
DATAFLOW,OECD.ENV.EPI:DSD_AIR_GHG@DF_AIR_GHG(1.0),,I,CAN,,A,,GHG,,_T,,KG_CO2E_PS,,2021,,18.03644,,A,,3,,,,,,2,,,
DATAFLOW,OECD.ENV.EPI:DSD_AIR_GHG@DF_AIR_GHG(1.0),,I,CHL,,A,,GHG,,_T,,KG_CO2E_PS,,2021,,5.687362,,A,,3,,,,,,2,,,
DATAFLOW,OECD.ENV.EPI:DSD_AIR_GHG@DF_AIR_GHG(1.0),,I,COL,,A,,GHG,,_T,,KG_CO2E_PS,,2021,,3.584791,,A,,3,,,,,,2,,,
DATAFLOW,OECD.ENV.EPI:DSD_AIR_GHG@DF_AIR_GHG(1.0),,I,CRI,,A,,GHG,,_T,,KG_CO2E_PS,,2021,,3.193075,,A,,3,,,,,,2,,,
DATAFLOW,OECD.ENV.EPI:DSD_AIR_GHG@DF_AIR_GHG(1.0),,I,CZE,,A,,GHG,,_T,,KG_CO2E_PS,,2021,,11.09741,,A,,3,,,,,,2,,,
DATAFLOW,OECD.ENV.EPI:DSD_AIR_GHG@DF_AIR_GHG(1.0),,I,DNK,,A,,GHG,,_T,,KG_CO2E_PS,,2021,,7.524057,,A,,3,,,,,,2,,,
DATAFLOW,OECD.ENV.EPI:DSD_AIR_GHG@DF_AIR_GHG(1.0),,I,EST,,A,,GHG,,_T,,KG_CO2E_PS,,2021,,9.437351,,A,,3,,,,,,2,,,
DATAFLOW,OECD.ENV.EPI:DSD_AIR_GHG@DF_AIR_GHG(1.0),,I,FIN,,A,,GHG,,_T,,KG_CO2E_PS,,2021,,8.616688,,A,,3,,,,,,2,,,
DATAFLOW,OECD.ENV.EPI:DSD_AIR_GHG@DF_AIR_GHG(1.0),,I,FRA,,A,,GHG,,_T,,KG_CO2E_PS,,2021,,6.340007,,A,,3,,,,,,2,,,
DATAFLOW,OECD.ENV.EPI:DSD_AIR_GHG@DF_AIR_GHG(1.0),,I,DEU,,A,,GHG,,_T,,KG_CO2E_PS,,2021,,9.097411,,A,,3,,,,,,2,,,
DATAFLOW,OECD.ENV.EPI:DSD_AIR_GHG@DF_AIR_GHG(1.0),,I,GRC,,A,,GHG,,_T,,KG_CO2E_PS,,2021,,7.373946,,A,,3,,,,,,2,,,
DATAFLOW,OECD.ENV.EPI:DSD_AIR_GHG@DF_AIR_GHG(1.0),,I,HUN,,A,,GHG,,_T,,KG_CO2E_PS,,2021,,6.594334,,A,,3,,,,,,2,,,
DATAFLOW,OECD.ENV.EPI:DSD_AIR_GHG@DF_AIR_GHG(1.0),,I,ISL,,A,,GHG,,_T,,KG_CO2E_PS,,2021,,12.69083,,A,,3,,,,,,2,,,
DATAFLOW,OECD.ENV.EPI:DSD_AIR_GHG@DF_AIR_GHG(1.0),,I,IRL,,A,,GHG,,_T,,KG_CO2E_PS,,2021,,11.97744,,A,,3,,,,,,2,,,
DATAFLOW,OECD.ENV.EPI:DSD_AIR_GHG@DF_AIR_GHG(1.0),,I,ISR,,A,,GHG,,_T,,KG_CO2E_PS,,2021,,8.796155,,A,,3,,,,,,2,,,
DATAFLOW,OECD.ENV.EPI:DSD_AIR_GHG@DF_AIR_GHG(1.0),,I,ITA,,A,,GHG,,_T,,KG_CO2E_PS,,2021,,6.885666,,A,,3,,,,,,2,,,
DATAFLOW,OECD.ENV.EPI:DSD_AIR_GHG@DF_AIR_GHG(1.0),,I,JPN,,A,,GHG,,_T,,KG_CO2E_PS,,2021,,9.108153,,A,,3,,,,,,2,,,
DATAFLOW,OECD.ENV.EPI:DSD_AIR_GHG@DF_AIR_GHG(1.0),,I,KOR,,A,,GHG,,_T,,KG_CO2E_PS,,2021,,14.29121,,A,,3,,,,,,2,,,
DATAFLOW,OECD.ENV.EPI:DSD_AIR_GHG@DF_AIR_GHG(1.0),,I,LVA,,A,,GHG,,_T,,KG_CO2E_PS,,2021,,5.681176,,A,,3,,,,,,2,,,
DATAFLOW,OECD.ENV.EPI:DSD_AIR_GHG@DF_AIR_GHG(1.0),,I,LTU,,A,,GHG,,_T,,KG_CO2E_PS,,2021,,7.056945,,A,,3,,,,,,2,,,
DATAFLOW,OECD.ENV.EPI:DSD_AIR_GHG@DF_AIR_GHG(1.0),,I,LUX,,A,,GHG,,_T,,KG_CO2E_PS,,2021,,14.68809,,A,,3,,,,,,2,,,
DATAFLOW,OECD.ENV.EPI:DSD_AIR_GHG@DF_AIR_GHG(1.0),,I,MEX,,A,,GHG,,_T,,KG_CO2E_PS,,2021,,5.632792,,A,,3,,,,,,2,,,
DATAFLOW,OECD.ENV.EPI:DSD_AIR_GHG@DF_AIR_GHG(1.0),,I,NLD,,A,,GHG,,_T,,KG_CO2E_PS,,2021,,9.402311,,A,,3,,,,,,2,,,
DATAFLOW,OECD.ENV.EPI:DSD_AIR_GHG@DF_AIR_GHG(1.0),,I,NZL,,A,,GHG,,_T,,KG_CO2E_PS,,2021,,16.02921,,A,,3,,,,,,2,,,
DATAFLOW,OECD.ENV.EPI:DSD_AIR_GHG@DF_AIR_GHG(1.0),,I,NOR,,A,,GHG,,_T,,KG_CO2E_PS,,2021,,9.105592,,A,,3,,,,,,2,,,
DATAFLOW,OECD.ENV.EPI:DSD_AIR_GHG@DF_AIR_GHG(1.0),,I,POL,,A,,GHG,,_T,,KG_CO2E_PS,,2021,,10.48352,,A,,3,,,,,,2,,,
DATAFLOW,OECD.ENV.EPI:DSD_AIR_GHG@DF_AIR_GHG(1.0),,I,PRT,,A,,GHG,,_T,,KG_CO2E_PS,,2021,,5.388249,,A,,3,,,,,,2,,,
DATAFLOW,OECD.ENV.EPI:DSD_AIR_GHG@DF_AIR_GHG(1.0),,I,SVK,,A,,GHG,,_T,,KG_CO2E_PS,,2021,,7.510327,,A,,3,,,,,,2,,,
DATAFLOW,OECD.ENV.EPI:DSD_AIR_GHG@DF_AIR_GHG(1.0),,I,SVN,,A,,GHG,,_T,,KG_CO2E_PS,,2021,,7.593741,,A,,3,,,,,,2,,,
DATAFLOW,OECD.ENV.EPI:DSD_AIR_GHG@DF_AIR_GHG(1.0),,I,ESP,,A,,GHG,,_T,,KG_CO2E_PS,,2021,,6.024189,,A,,3,,,,,,2,,,
DATAFLOW,OECD.ENV.EPI:DSD_AIR_GHG@DF_AIR_GHG(1.0),,I,SWE,,A,,GHG,,_T,,KG_CO2E_PS,,2021,,4.581526,,A,,3,,,,,,2,,,
DATAFLOW,OECD.ENV.EPI:DSD_AIR_GHG@DF_AIR_GHG(1.0),,I,CHE,,A,,GHG,,_T,,KG_CO2E_PS,,2021,,5.209583,,A,,3,,,,,,2,,,
DATAFLOW,OECD.ENV.EPI:DSD_AIR_GHG@DF_AIR_GHG(1.0),,I,TUR,,A,,GHG,,_T,,KG_CO2E_PS,,2021,,6.622971,,A,,3,,,,,,2,,,
DATAFLOW,OECD.ENV.EPI:DSD_AIR_GHG@DF_AIR_GHG(1.0),,I,GBR,,A,,GHG,,_T,,KG_CO2E_PS,,2021,,6.265779,,A,,3,,,,,,2,,,
DATAFLOW,OECD.ENV.EPI:DSD_AIR_GHG@DF_AIR_GHG(1.0),,I,USA,,A,,GHG,,_T,,KG_CO2E_PS,,2021,,18.60527,,A,,3,,,,,,2,,,
DATAFLOW,OECD.ENV.EPI:DSD_AIR_GHG@DF_AIR_GHG(1.0),,I,EU27_2020,,A,,GHG,,_T,,KG_CO2E_PS,,2021,,7.729795,,A,,3,,,,,,2,,,
DATAFLOW,OECD.ENV.EPI:DSD_AIR_GHG@DF_AIR_GHG(1.0),,I,OECD,,A,,GHG,,_T,,KG_CO2E_PS,,2021,,10.82362,,A,,3,,,,,,2,,,
DATAFLOW,OECD.ENV.EPI:DSD_AIR_GHG@DF_AIR_GHG(1.0),,I,OECDA,,A,,GHG,,_T,,KG_CO2E_PS,,2021,,13.83528,,A,,3,,,,,,2,,,
DATAFLOW,OECD.ENV.EPI:DSD_AIR_GHG@DF_AIR_GHG(1.0),,I,OECDSO,,A,,GHG,,_T,,KG_CO2E_PS,,2021,,11.8414,,A,,3,,,,,,2,,,
DATAFLOW,OECD.ENV.EPI:DSD_AIR_GHG@DF_AIR_GHG(1.0),,I,OECDE,,A,,GHG,,_T,,KG_CO2E_PS,,2021,,7.447122,,A,,3,,,,,,2,,,
DATAFLOW,OECD.ENV.EPI:DSD_AIR_GHG@DF_AIR_GHG(1.0),,I,DZA,,A,,GHG,,_T,,KG_CO2E_PS,,2021,,5.380772,,A,,3,,,,,,2,,,
DATAFLOW,OECD.ENV.EPI:DSD_AIR_GHG@DF_AIR_GHG(1.0),,I,ARG,,A,,GHG,,_T,,KG_CO2E_PS,,2021,,7.557831,,A,,3,,,,,,2,,,
DATAFLOW,OECD.ENV.EPI:DSD_AIR_GHG@DF_AIR_GHG(1.0),,I,AZE,,A,,GHG,,_T,,KG_CO2E_PS,,2021,,7.010887,,A,,3,,,,,,2,,,
DATAFLOW,OECD.ENV.EPI:DSD_AIR_GHG@DF_AIR_GHG(1.0),,I,BLR,,A,,GHG,,_T,,KG_CO2E_PS,,2021,,9.960464,,A,,3,,,,,,2,,,
DATAFLOW,OECD.ENV.EPI:DSD_AIR_GHG@DF_AIR_GHG(1.0),,I,BTN,,A,,GHG,,_T,,KG_CO2E_PS,,2021,,1.905872,,A,,3,,,,,,2,,,
DATAFLOW,OECD.ENV.EPI:DSD_AIR_GHG@DF_AIR_GHG(1.0),,I,BRA,,A,,GHG,,_T,,KG_CO2E_PS,,2021,,5.888017,,A,,3,,,,,,2,,,
DATAFLOW,OECD.ENV.EPI:DSD_AIR_GHG@DF_AIR_GHG(1.0),,I,BRN,,A,,GHG,,_T,,KG_CO2E_PS,,2021,,33.40891,,A,,3,,,,,,2,,,
DATAFLOW,OECD.ENV.EPI:DSD_AIR_GHG@DF_AIR_GHG(1.0),,I,BGR,,A,,GHG,,_T,,KG_CO2E_PS,,2021,,7.856872,,A,,3,,,,,,2,,,
DATAFLOW,OECD.ENV.EPI:DSD_AIR_GHG@DF_AIR_GHG(1.0),,I,CHN,,A,,GHG,,_T,,KG_CO2E_PS,,2021,,10.03497,,A,,3,,,,,,2,,,
DATAFLOW,OECD.ENV.EPI:DSD_AIR_GHG@DF_AIR_GHG(1.0),,I,CIV,,A,,GHG,,_T,,KG_CO2E_PS,,2021,,2.909439,,A,,3,,,,,,2,,,
DATAFLOW,OECD.ENV.EPI:DSD_AIR_GHG@DF_AIR_GHG(1.0),,I,HRV,,A,,GHG,,_T,,KG_CO2E_PS,,2021,,6.224454,,A,,3,,,,,,2,,,
DATAFLOW,OECD.ENV.EPI:DSD_AIR_GHG@DF_AIR_GHG(1.0),,I,CUB,,A,,GHG,,_T,,KG_CO2E_PS,,2021,,4.437665,,A,,3,,,,,,2,,,
DATAFLOW,OECD.ENV.EPI:DSD_AIR_GHG@DF_AIR_GHG(1.0),,I,CYP,,A,,GHG,,_T,,KG_CO2E_PS,,2021,,6.207363,,A,,3,,,,,,2,,,
DATAFLOW,OECD.ENV.EPI:DSD_AIR_GHG@DF_AIR_GHG(1.0),,I,EGY,,A,,GHG,,_T,,KG_CO2E_PS,,2021,,3.278952,,A,,3,,,,,,2,,,
DATAFLOW,OECD.ENV.EPI:DSD_AIR_GHG@DF_AIR_GHG(1.0),,I,GEO,,A,,GHG,,_T,,KG_CO2E_PS,,2021,,4.943908,,A,,3,,,,,,2,,,
DATAFLOW,OECD.ENV.EPI:DSD_AIR_GHG@DF_AIR_GHG(1.0),,I,GHA,,A,,GHG,,_T,,KG_CO2E_PS,,2021,,1.443062,,A,,3,,,,,,2,,,
DATAFLOW,OECD.ENV.EPI:DSD_AIR_GHG@DF_AIR_GHG(1.0),,I,GTM,,A,,GHG,,_T,,KG_CO2E_PS,,2021,,1.93884,,A,,3,,,,,,2,,,
DATAFLOW,OECD.ENV.EPI:DSD_AIR_GHG@DF_AIR_GHG(1.0),,I,GNB,,A,,GHG,,_T,,KG_CO2E_PS,,2021,,0.753656,,A,,3,,,,,,2,,,
DATAFLOW,OECD.ENV.EPI:DSD_AIR_GHG@DF_AIR_GHG(1.0),,I,GUY,,A,,GHG,,_T,,KG_CO2E_PS,,2021,,7.857966,,A,,3,,,,,,2,,,
DATAFLOW,OECD.ENV.EPI:DSD_AIR_GHG@DF_AIR_GHG(1.0),,I,VAT,,A,,GHG,,_T,,KG_CO2E_PS,,2021,,29.63985,,A,,3,,,,,,2,,,
DATAFLOW,OECD.ENV.EPI:DSD_AIR_GHG@DF_AIR_GHG(1.0),,I,IDN,,A,,GHG,,_T,,KG_CO2E_PS,,2021,,3.461016,,A,,3,,,,,,2,,,
DATAFLOW,OECD.ENV.EPI:DSD_AIR_GHG@DF_AIR_GHG(1.0),,I,IRQ,,A,,GHG,,_T,,KG_CO2E_PS,,2021,,4.728294,,A,,3,,,,,,2,,,
DATAFLOW,OECD.ENV.EPI:DSD_AIR_GHG@DF_AIR_GHG(1.0),,I,KAZ,,A,,GHG,,_T,,KG_CO2E_PS,,2021,,16.20224,,A,,3,,,,,,2,,,
DATAFLOW,OECD.ENV.EPI:DSD_AIR_GHG@DF_AIR_GHG(1.0),,I,KEN,,A,,GHG,,_T,,KG_CO2E_PS,,2021,,1.300705,,A,,3,,,,,,2,,,
DATAFLOW,OECD.ENV.EPI:DSD_AIR_GHG@DF_AIR_GHG(1.0),,I,LBN,,A,,GHG,,_T,,KG_CO2E_PS,,2021,,3.716709,,A,,3,,,,,,2,,,
DATAFLOW,OECD.ENV.EPI:DSD_AIR_GHG@DF_AIR_GHG(1.0),,I,LIE,,A,,GHG,,_T,,KG_CO2E_PS,,2021,,4.678162,,A,,3,,,,,,2,,,
DATAFLOW,OECD.ENV.EPI:DSD_AIR_GHG@DF_AIR_GHG(1.0),,I,MYS,,A,,GHG,,_T,,KG_CO2E_PS,,2021,,9.595771,,A,,3,,,,,,2,,,
DATAFLOW,OECD.ENV.EPI:DSD_AIR_GHG@DF_AIR_GHG(1.0),,I,MDV,,A,,GHG,,_T,,KG_CO2E_PS,,2021,,4.390248,,A,,3,,,,,,2,,,
DATAFLOW,OECD.ENV.EPI:DSD_AIR_GHG@DF_AIR_GHG(1.0),,I,MLT,,A,,GHG,,_T,,KG_CO2E_PS,,2021,,4.005686,,A,,3,,,,,,2,,,
DATAFLOW,OECD.ENV.EPI:DSD_AIR_GHG@DF_AIR_GHG(1.0),,I,MUS,,A,,GHG,,_T,,KG_CO2E_PS,,2021,,4.510886,,A,,3,,,,,,2,,,
DATAFLOW,OECD.ENV.EPI:DSD_AIR_GHG@DF_AIR_GHG(1.0),,I,MDA,,A,,GHG,,_T,,KG_CO2E_PS,,2021,,4.831095,,A,,3,,,,,,2,,,
DATAFLOW,OECD.ENV.EPI:DSD_AIR_GHG@DF_AIR_GHG(1.0),,I,MCO,,A,,GHG,,_T,,KG_CO2E_PS,,2021,,1.892956,,A,,3,,,,,,2,,,
DATAFLOW,OECD.ENV.EPI:DSD_AIR_GHG@DF_AIR_GHG(1.0),,I,MAR,,A,,GHG,,_T,,KG_CO2E_PS,,2021,,2.734579,,A,,3,,,,,,2,,,
DATAFLOW,OECD.ENV.EPI:DSD_AIR_GHG@DF_AIR_GHG(1.0),,I,NAM,,A,,GHG,,_T,,KG_CO2E_PS,,2021,,3.76657,,A,,3,,,,,,2,,,
DATAFLOW,OECD.ENV.EPI:DSD_AIR_GHG@DF_AIR_GHG(1.0),,I,NPL,,A,,GHG,,_T,,KG_CO2E_PS,,2021,,1.944893,,A,,3,,,,,,2,,,
DATAFLOW,OECD.ENV.EPI:DSD_AIR_GHG@DF_AIR_GHG(1.0),,I,NGA,,A,,GHG,,_T,,KG_CO2E_PS,,2021,,1.471587,,A,,3,,,,,,2,,,
DATAFLOW,OECD.ENV.EPI:DSD_AIR_GHG@DF_AIR_GHG(1.0),,I,PAN,,A,,GHG,,_T,,KG_CO2E_PS,,2021,,4.722124,,A,,3,,,,,,2,,,
DATAFLOW,OECD.ENV.EPI:DSD_AIR_GHG@DF_AIR_GHG(1.0),,I,PER,,A,,GHG,,_T,,KG_CO2E_PS,,2021,,3.320794,,A,,3,,,,,,2,,,
DATAFLOW,OECD.ENV.EPI:DSD_AIR_GHG@DF_AIR_GHG(1.0),,I,ROU,,A,,GHG,,_T,,KG_CO2E_PS,,2021,,5.994079,,A,,3,,,,,,2,,,
DATAFLOW,OECD.ENV.EPI:DSD_AIR_GHG@DF_AIR_GHG(1.0),,I,RUS,,A,,GHG,,_T,,KG_CO2E_PS,,2021,,13.91481,,A,,3,,,,,,2,,,
DATAFLOW,OECD.ENV.EPI:DSD_AIR_GHG@DF_AIR_GHG(1.0),,I,RWA,,A,,GHG,,_T,,KG_CO2E_PS,,2021,,0.8892792,,A,,3,,,,,,2,,,
DATAFLOW,OECD.ENV.EPI:DSD_AIR_GHG@DF_AIR_GHG(1.0),,I,SAU,,A,,GHG,,_T,,KG_CO2E_PS,,2021,,22.85849,,A,,3,,,,,,2,,,
DATAFLOW,OECD.ENV.EPI:DSD_AIR_GHG@DF_AIR_GHG(1.0),,I,SRB,,A,,GHG,,_T,,KG_CO2E_PS,,2021,,9.060741,,A,,3,,,,,,2,,,
DATAFLOW,OECD.ENV.EPI:DSD_AIR_GHG@DF_AIR_GHG(1.0),,I,SGP,,A,,GHG,,_T,,KG_CO2E_PS,,2021,,10.50314,,A,,3,,,,,,2,,,
DATAFLOW,OECD.ENV.EPI:DSD_AIR_GHG@DF_AIR_GHG(1.0),,I,SLB,,A,,GHG,,_T,,KG_CO2E_PS,,2021,,0.8096753,,A,,3,,,,,,2,,,
DATAFLOW,OECD.ENV.EPI:DSD_AIR_GHG@DF_AIR_GHG(1.0),,I,ZAF,,A,,GHG,,_T,,KG_CO2E_PS,,2021,,7.89189,,A,,3,,,,,,2,,,
DATAFLOW,OECD.ENV.EPI:DSD_AIR_GHG@DF_AIR_GHG(1.0),,I,THA,,A,,GHG,,_T,,KG_CO2E_PS,,2021,,5.099677,,A,,3,,,,,,2,,,
DATAFLOW,OECD.ENV.EPI:DSD_AIR_GHG@DF_AIR_GHG(1.0),,I,UKR,,A,,GHG,,_T,,KG_CO2E_PS,,2021,,7.529293,,A,,3,,,,,,2,,,
DATAFLOW,OECD.ENV.EPI:DSD_AIR_GHG@DF_AIR_GHG(1.0),,I,URY,,A,,GHG,,_T,,KG_CO2E_PS,,2021,,11.52196,,A,,3,,,,,,2,,,
DATAFLOW,OECD.ENV.EPI:DSD_AIR_GHG@DF_AIR_GHG(1.0),,I,UZB,,A,,GHG,,_T,,KG_CO2E_PS,,2021,,6.196108,,A,,3,,,,,,2,,,
DATAFLOW,OECD.ENV.EPI:DSD_AIR_GHG@DF_AIR_GHG(1.0),,I,VEN,,A,,GHG,,_T,,KG_CO2E_PS,,2021,,7.581178,,A,,3,,,,,,2,,,
DATAFLOW,OECD.ENV.EPI:DSD_AIR_GHG@DF_AIR_GHG(1.0),,I,AUS,,A,,GHG,,_T,,KG_CO2E_PS,,2020,,20.91176,,A,,3,,,,,,2,,,
DATAFLOW,OECD.ENV.EPI:DSD_AIR_GHG@DF_AIR_GHG(1.0),,I,AUT,,A,,GHG,,_T,,KG_CO2E_PS,,2020,,8.370743,,A,,3,,,,,,2,,,
DATAFLOW,OECD.ENV.EPI:DSD_AIR_GHG@DF_AIR_GHG(1.0),,I,BEL,,A,,GHG,,_T,,KG_CO2E_PS,,2020,,9.26923,,A,,3,,,,,,2,,,
DATAFLOW,OECD.ENV.EPI:DSD_AIR_GHG@DF_AIR_GHG(1.0),,I,CAN,,A,,GHG,,_T,,KG_CO2E_PS,,2020,,17.87396,,A,,3,,,,,,2,,,
DATAFLOW,OECD.ENV.EPI:DSD_AIR_GHG@DF_AIR_GHG(1.0),,I,CHL,,A,,GHG,,_T,,KG_CO2E_PS,,2020,,5.354269,,A,,3,,,,,,2,,,
DATAFLOW,OECD.ENV.EPI:DSD_AIR_GHG@DF_AIR_GHG(1.0),,I,COL,,A,,GHG,,_T,,KG_CO2E_PS,,2020,,3.479452,,A,,3,,,,,,2,,,
DATAFLOW,OECD.ENV.EPI:DSD_AIR_GHG@DF_AIR_GHG(1.0),,I,CRI,,A,,GHG,,_T,,KG_CO2E_PS,,2020,,2.90543,,A,,3,,,,,,2,,,
DATAFLOW,OECD.ENV.EPI:DSD_AIR_GHG@DF_AIR_GHG(1.0),,I,CZE,,A,,GHG,,_T,,KG_CO2E_PS,,2020,,10.56825,,A,,3,,,,,,2,,,
DATAFLOW,OECD.ENV.EPI:DSD_AIR_GHG@DF_AIR_GHG(1.0),,I,DNK,,A,,GHG,,_T,,KG_CO2E_PS,,2020,,7.401293,,A,,3,,,,,,2,,,
DATAFLOW,OECD.ENV.EPI:DSD_AIR_GHG@DF_AIR_GHG(1.0),,I,EST,,A,,GHG,,_T,,KG_CO2E_PS,,2020,,8.526422,,A,,3,,,,,,2,,,
DATAFLOW,OECD.ENV.EPI:DSD_AIR_GHG@DF_AIR_GHG(1.0),,I,FIN,,A,,GHG,,_T,,KG_CO2E_PS,,2020,,8.626773,,A,,3,,,,,,2,,,
DATAFLOW,OECD.ENV.EPI:DSD_AIR_GHG@DF_AIR_GHG(1.0),,I,FRA,,A,,GHG,,_T,,KG_CO2E_PS,,2020,,5.997182,,A,,3,,,,,,2,,,
DATAFLOW,OECD.ENV.EPI:DSD_AIR_GHG@DF_AIR_GHG(1.0),,I,DEU,,A,,GHG,,_T,,KG_CO2E_PS,,2020,,8.764853,,A,,3,,,,,,2,,,
DATAFLOW,OECD.ENV.EPI:DSD_AIR_GHG@DF_AIR_GHG(1.0),,I,GRC,,A,,GHG,,_T,,KG_CO2E_PS,,2020,,7.091454,,A,,3,,,,,,2,,,
DATAFLOW,OECD.ENV.EPI:DSD_AIR_GHG@DF_AIR_GHG(1.0),,I,HUN,,A,,GHG,,_T,,KG_CO2E_PS,,2020,,6.455618,,A,,3,,,,,,2,,,
DATAFLOW,OECD.ENV.EPI:DSD_AIR_GHG@DF_AIR_GHG(1.0),,I,ISL,,A,,GHG,,_T,,KG_CO2E_PS,,2020,,12.5612,,A,,3,,,,,,2,,,
DATAFLOW,OECD.ENV.EPI:DSD_AIR_GHG@DF_AIR_GHG(1.0),,I,IRL,,A,,GHG,,_T,,KG_CO2E_PS,,2020,,11.56396,,A,,3,,,,,,2,,,
DATAFLOW,OECD.ENV.EPI:DSD_AIR_GHG@DF_AIR_GHG(1.0),,I,ISR,,A,,GHG,,_T,,KG_CO2E_PS,,2020,,9.061138,,A,,3,,,,,,2,,,
DATAFLOW,OECD.ENV.EPI:DSD_AIR_GHG@DF_AIR_GHG(1.0),,I,ITA,,A,,GHG,,_T,,KG_CO2E_PS,,2020,,6.327091,,A,,3,,,,,,2,,,
DATAFLOW,OECD.ENV.EPI:DSD_AIR_GHG@DF_AIR_GHG(1.0),,I,JPN,,A,,GHG,,_T,,KG_CO2E_PS,,2020,,8.894616,,A,,3,,,,,,2,,,
DATAFLOW,OECD.ENV.EPI:DSD_AIR_GHG@DF_AIR_GHG(1.0),,I,KOR,,A,,GHG,,_T,,KG_CO2E_PS,,2020,,13.74816,,A,,3,,,,,,2,,,
DATAFLOW,OECD.ENV.EPI:DSD_AIR_GHG@DF_AIR_GHG(1.0),,I,LVA,,A,,GHG,,_T,,KG_CO2E_PS,,2020,,5.519989,,A,,3,,,,,,2,,,
DATAFLOW,OECD.ENV.EPI:DSD_AIR_GHG@DF_AIR_GHG(1.0),,I,LTU,,A,,GHG,,_T,,KG_CO2E_PS,,2020,,7.000509,,A,,3,,,,,,2,,,
DATAFLOW,OECD.ENV.EPI:DSD_AIR_GHG@DF_AIR_GHG(1.0),,I,LUX,,A,,GHG,,_T,,KG_CO2E_PS,,2020,,14.37257,,A,,3,,,,,,2,,,
DATAFLOW,OECD.ENV.EPI:DSD_AIR_GHG@DF_AIR_GHG(1.0),,I,MEX,,A,,GHG,,_T,,KG_CO2E_PS,,2020,,5.67136,,A,,3,,,,,,2,,,
DATAFLOW,OECD.ENV.EPI:DSD_AIR_GHG@DF_AIR_GHG(1.0),,I,NLD,,A,,GHG,,_T,,KG_CO2E_PS,,2020,,9.330465,,A,,3,,,,,,2,,,
DATAFLOW,OECD.ENV.EPI:DSD_AIR_GHG@DF_AIR_GHG(1.0),,I,NZL,,A,,GHG,,_T,,KG_CO2E_PS,,2020,,16.05091,,A,,3,,,,,,2,,,
DATAFLOW,OECD.ENV.EPI:DSD_AIR_GHG@DF_AIR_GHG(1.0),,I,NOR,,A,,GHG,,_T,,KG_CO2E_PS,,2020,,9.178269,,A,,3,,,,,,2,,,
DATAFLOW,OECD.ENV.EPI:DSD_AIR_GHG@DF_AIR_GHG(1.0),,I,POL,,A,,GHG,,_T,,KG_CO2E_PS,,2020,,9.712359,,A,,3,,,,,,2,,,
DATAFLOW,OECD.ENV.EPI:DSD_AIR_GHG@DF_AIR_GHG(1.0),,I,PRT,,A,,GHG,,_T,,KG_CO2E_PS,,2020,,5.530717,,A,,3,,,,,,2,,,
DATAFLOW,OECD.ENV.EPI:DSD_AIR_GHG@DF_AIR_GHG(1.0),,I,SVK,,A,,GHG,,_T,,KG_CO2E_PS,,2020,,6.766585,,A,,3,,,,,,2,,,
DATAFLOW,OECD.ENV.EPI:DSD_AIR_GHG@DF_AIR_GHG(1.0),,I,SVN,,A,,GHG,,_T,,KG_CO2E_PS,,2020,,7.564375,,A,,3,,,,,,2,,,
DATAFLOW,OECD.ENV.EPI:DSD_AIR_GHG@DF_AIR_GHG(1.0),,I,ESP,,A,,GHG,,_T,,KG_CO2E_PS,,2020,,5.658686,,A,,3,,,,,,2,,,
DATAFLOW,OECD.ENV.EPI:DSD_AIR_GHG@DF_AIR_GHG(1.0),,I,SWE,,A,,GHG,,_T,,KG_CO2E_PS,,2020,,4.441116,,A,,3,,,,,,2,,,
DATAFLOW,OECD.ENV.EPI:DSD_AIR_GHG@DF_AIR_GHG(1.0),,I,CHE,,A,,GHG,,_T,,KG_CO2E_PS,,2020,,5.096887,,A,,3,,,,,,2,,,
DATAFLOW,OECD.ENV.EPI:DSD_AIR_GHG@DF_AIR_GHG(1.0),,I,TUR,,A,,GHG,,_T,,KG_CO2E_PS,,2020,,6.181012,,A,,3,,,,,,2,,,
DATAFLOW,OECD.ENV.EPI:DSD_AIR_GHG@DF_AIR_GHG(1.0),,I,GBR,,A,,GHG,,_T,,KG_CO2E_PS,,2020,,6.077576,,A,,3,,,,,,2,,,
DATAFLOW,OECD.ENV.EPI:DSD_AIR_GHG@DF_AIR_GHG(1.0),,I,USA,,A,,GHG,,_T,,KG_CO2E_PS,,2020,,17.6817,,A,,3,,,,,,2,,,
DATAFLOW,OECD.ENV.EPI:DSD_AIR_GHG@DF_AIR_GHG(1.0),,I,EU27_2020,,A,,GHG,,_T,,KG_CO2E_PS,,2020,,7.354,,A,,3,,,,,,2,,,
DATAFLOW,OECD.ENV.EPI:DSD_AIR_GHG@DF_AIR_GHG(1.0),,I,OECD,,A,,GHG,,_T,,KG_CO2E_PS,,2020,,10.40953,,A,,3,,,,,,2,,,
DATAFLOW,OECD.ENV.EPI:DSD_AIR_GHG@DF_AIR_GHG(1.0),,I,OECDA,,A,,GHG,,_T,,KG_CO2E_PS,,2020,,13.28471,,A,,3,,,,,,2,,,
DATAFLOW,OECD.ENV.EPI:DSD_AIR_GHG@DF_AIR_GHG(1.0),,I,OECDSO,,A,,GHG,,_T,,KG_CO2E_PS,,2020,,11.64512,,A,,3,,,,,,2,,,
DATAFLOW,OECD.ENV.EPI:DSD_AIR_GHG@DF_AIR_GHG(1.0),,I,OECDE,,A,,GHG,,_T,,KG_CO2E_PS,,2020,,7.093235,,A,,3,,,,,,2,,,
DATAFLOW,OECD.ENV.EPI:DSD_AIR_GHG@DF_AIR_GHG(1.0),,I,DZA,,A,,GHG,,_T,,KG_CO2E_PS,,2020,,5.04874,,A,,3,,,,,,2,,,
DATAFLOW,OECD.ENV.EPI:DSD_AIR_GHG@DF_AIR_GHG(1.0),,I,ARG,,A,,GHG,,_T,,KG_CO2E_PS,,2020,,7.061831,,A,,3,,,,,,2,,,
DATAFLOW,OECD.ENV.EPI:DSD_AIR_GHG@DF_AIR_GHG(1.0),,I,AZE,,A,,GHG,,_T,,KG_CO2E_PS,,2020,,6.580966,,A,,3,,,,,,2,,,
DATAFLOW,OECD.ENV.EPI:DSD_AIR_GHG@DF_AIR_GHG(1.0),,I,BLR,,A,,GHG,,_T,,KG_CO2E_PS,,2020,,9.635014,,A,,3,,,,,,2,,,
DATAFLOW,OECD.ENV.EPI:DSD_AIR_GHG@DF_AIR_GHG(1.0),,I,BTN,,A,,GHG,,_T,,KG_CO2E_PS,,2020,,1.910724,,A,,3,,,,,,2,,,
DATAFLOW,OECD.ENV.EPI:DSD_AIR_GHG@DF_AIR_GHG(1.0),,I,BRA,,A,,GHG,,_T,,KG_CO2E_PS,,2020,,5.557711,,A,,3,,,,,,2,,,
DATAFLOW,OECD.ENV.EPI:DSD_AIR_GHG@DF_AIR_GHG(1.0),,I,BRN,,A,,GHG,,_T,,KG_CO2E_PS,,2020,,33.77179,,A,,3,,,,,,2,,,
DATAFLOW,OECD.ENV.EPI:DSD_AIR_GHG@DF_AIR_GHG(1.0),,I,BGR,,A,,GHG,,_T,,KG_CO2E_PS,,2020,,6.911945,,A,,3,,,,,,2,,,
DATAFLOW,OECD.ENV.EPI:DSD_AIR_GHG@DF_AIR_GHG(1.0),,I,CHN,,A,,GHG,,_T,,KG_CO2E_PS,,2020,,9.652851,,A,,3,,,,,,2,,,
DATAFLOW,OECD.ENV.EPI:DSD_AIR_GHG@DF_AIR_GHG(1.0),,I,CIV,,A,,GHG,,_T,,KG_CO2E_PS,,2020,,1.659335,,A,,3,,,,,,2,,,
DATAFLOW,OECD.ENV.EPI:DSD_AIR_GHG@DF_AIR_GHG(1.0),,I,HRV,,A,,GHG,,_T,,KG_CO2E_PS,,2020,,6.044096,,A,,3,,,,,,2,,,
DATAFLOW,OECD.ENV.EPI:DSD_AIR_GHG@DF_AIR_GHG(1.0),,I,CUB,,A,,GHG,,_T,,KG_CO2E_PS,,2020,,4.470159,,A,,3,,,,,,2,,,
DATAFLOW,OECD.ENV.EPI:DSD_AIR_GHG@DF_AIR_GHG(1.0),,I,CYP,,A,,GHG,,_T,,KG_CO2E_PS,,2020,,6.190146,,A,,3,,,,,,2,,,
DATAFLOW,OECD.ENV.EPI:DSD_AIR_GHG@DF_AIR_GHG(1.0),,I,EGY,,A,,GHG,,_T,,KG_CO2E_PS,,2020,,3.088697,,A,,3,,,,,,2,,,
DATAFLOW,OECD.ENV.EPI:DSD_AIR_GHG@DF_AIR_GHG(1.0),,I,GEO,,A,,GHG,,_T,,KG_CO2E_PS,,2020,,4.820012,,A,,3,,,,,,2,,,
DATAFLOW,OECD.ENV.EPI:DSD_AIR_GHG@DF_AIR_GHG(1.0),,I,GHA,,A,,GHG,,_T,,KG_CO2E_PS,,2020,,1.468394,,A,,3,,,,,,2,,,
DATAFLOW,OECD.ENV.EPI:DSD_AIR_GHG@DF_AIR_GHG(1.0),,I,GTM,,A,,GHG,,_T,,KG_CO2E_PS,,2020,,1.778021,,A,,3,,,,,,2,,,
DATAFLOW,OECD.ENV.EPI:DSD_AIR_GHG@DF_AIR_GHG(1.0),,I,GNB,,A,,GHG,,_T,,KG_CO2E_PS,,2020,,0.7595775,,A,,3,,,,,,2,,,
DATAFLOW,OECD.ENV.EPI:DSD_AIR_GHG@DF_AIR_GHG(1.0),,I,GUY,,A,,GHG,,_T,,KG_CO2E_PS,,2020,,9.162369,,A,,3,,,,,,2,,,
DATAFLOW,OECD.ENV.EPI:DSD_AIR_GHG@DF_AIR_GHG(1.0),,I,VAT,,A,,GHG,,_T,,KG_CO2E_PS,,2020,,30.21183,,A,,3,,,,,,2,,,
DATAFLOW,OECD.ENV.EPI:DSD_AIR_GHG@DF_AIR_GHG(1.0),,I,IDN,,A,,GHG,,_T,,KG_CO2E_PS,,2020,,3.339661,,A,,3,,,,,,2,,,
DATAFLOW,OECD.ENV.EPI:DSD_AIR_GHG@DF_AIR_GHG(1.0),,I,IRQ,,A,,GHG,,_T,,KG_CO2E_PS,,2020,,4.717297,,A,,3,,,,,,2,,,
DATAFLOW,OECD.ENV.EPI:DSD_AIR_GHG@DF_AIR_GHG(1.0),,I,KAZ,,A,,GHG,,_T,,KG_CO2E_PS,,2020,,18.43434,,A,,3,,,,,,2,,,
DATAFLOW,OECD.ENV.EPI:DSD_AIR_GHG@DF_AIR_GHG(1.0),,I,KEN,,A,,GHG,,_T,,KG_CO2E_PS,,2020,,1.295409,,A,,3,,,,,,2,,,
DATAFLOW,OECD.ENV.EPI:DSD_AIR_GHG@DF_AIR_GHG(1.0),,I,LBN,,A,,GHG,,_T,,KG_CO2E_PS,,2020,,4.437867,,A,,3,,,,,,2,,,
DATAFLOW,OECD.ENV.EPI:DSD_AIR_GHG@DF_AIR_GHG(1.0),,I,LIE,,A,,GHG,,_T,,KG_CO2E_PS,,2020,,4.631047,,A,,3,,,,,,2,,,
DATAFLOW,OECD.ENV.EPI:DSD_AIR_GHG@DF_AIR_GHG(1.0),,I,MYS,,A,,GHG,,_T,,KG_CO2E_PS,,2020,,9.816118,,A,,3,,,,,,2,,,
DATAFLOW,OECD.ENV.EPI:DSD_AIR_GHG@DF_AIR_GHG(1.0),,I,MDV,,A,,GHG,,_T,,KG_CO2E_PS,,2020,,3.009546,,A,,3,,,,,,2,,,
DATAFLOW,OECD.ENV.EPI:DSD_AIR_GHG@DF_AIR_GHG(1.0),,I,MLT,,A,,GHG,,_T,,KG_CO2E_PS,,2020,,4.025918,,A,,3,,,,,,2,,,
DATAFLOW,OECD.ENV.EPI:DSD_AIR_GHG@DF_AIR_GHG(1.0),,I,MUS,,A,,GHG,,_T,,KG_CO2E_PS,,2020,,4.344573,,A,,3,,,,,,2,,,
DATAFLOW,OECD.ENV.EPI:DSD_AIR_GHG@DF_AIR_GHG(1.0),,I,MDA,,A,,GHG,,_T,,KG_CO2E_PS,,2020,,4.363438,,A,,3,,,,,,2,,,
DATAFLOW,OECD.ENV.EPI:DSD_AIR_GHG@DF_AIR_GHG(1.0),,I,MCO,,A,,GHG,,_T,,KG_CO2E_PS,,2020,,1.804676,,A,,3,,,,,,2,,,
DATAFLOW,OECD.ENV.EPI:DSD_AIR_GHG@DF_AIR_GHG(1.0),,I,MAR,,A,,GHG,,_T,,KG_CO2E_PS,,2020,,2.56891,,A,,3,,,,,,2,,,
DATAFLOW,OECD.ENV.EPI:DSD_AIR_GHG@DF_AIR_GHG(1.0),,I,NAM,,A,,GHG,,_T,,KG_CO2E_PS,,2020,,3.381342,,A,,3,,,,,,2,,,
DATAFLOW,OECD.ENV.EPI:DSD_AIR_GHG@DF_AIR_GHG(1.0),,I,NPL,,A,,GHG,,_T,,KG_CO2E_PS,,2020,,1.803851,,A,,3,,,,,,2,,,
DATAFLOW,OECD.ENV.EPI:DSD_AIR_GHG@DF_AIR_GHG(1.0),,I,NGA,,A,,GHG,,_T,,KG_CO2E_PS,,2020,,1.452109,,A,,3,,,,,,2,,,
DATAFLOW,OECD.ENV.EPI:DSD_AIR_GHG@DF_AIR_GHG(1.0),,I,PAN,,A,,GHG,,_T,,KG_CO2E_PS,,2020,,4.221086,,A,,3,,,,,,2,,,
DATAFLOW,OECD.ENV.EPI:DSD_AIR_GHG@DF_AIR_GHG(1.0),,I,PER,,A,,GHG,,_T,,KG_CO2E_PS,,2020,,2.868927,,A,,3,,,,,,2,,,
DATAFLOW,OECD.ENV.EPI:DSD_AIR_GHG@DF_AIR_GHG(1.0),,I,ROU,,A,,GHG,,_T,,KG_CO2E_PS,,2020,,5.750749,,A,,3,,,,,,2,,,
DATAFLOW,OECD.ENV.EPI:DSD_AIR_GHG@DF_AIR_GHG(1.0),,I,RUS,,A,,GHG,,_T,,KG_CO2E_PS,,2020,,13.49968,,A,,3,,,,,,2,,,
DATAFLOW,OECD.ENV.EPI:DSD_AIR_GHG@DF_AIR_GHG(1.0),,I,RWA,,A,,GHG,,_T,,KG_CO2E_PS,,2020,,0.8529792,,A,,3,,,,,,2,,,
DATAFLOW,OECD.ENV.EPI:DSD_AIR_GHG@DF_AIR_GHG(1.0),,I,SAU,,A,,GHG,,_T,,KG_CO2E_PS,,2020,,22.25867,,A,,3,,,,,,2,,,
DATAFLOW,OECD.ENV.EPI:DSD_AIR_GHG@DF_AIR_GHG(1.0),,I,SRB,,A,,GHG,,_T,,KG_CO2E_PS,,2020,,9.235191,,A,,3,,,,,,2,,,
DATAFLOW,OECD.ENV.EPI:DSD_AIR_GHG@DF_AIR_GHG(1.0),,I,SGP,,A,,GHG,,_T,,KG_CO2E_PS,,2020,,9.581285,,A,,3,,,,,,2,,,
DATAFLOW,OECD.ENV.EPI:DSD_AIR_GHG@DF_AIR_GHG(1.0),,I,SLB,,A,,GHG,,_T,,KG_CO2E_PS,,2020,,0.8599326,,A,,3,,,,,,2,,,
DATAFLOW,OECD.ENV.EPI:DSD_AIR_GHG@DF_AIR_GHG(1.0),,I,ZAF,,A,,GHG,,_T,,KG_CO2E_PS,,2020,,7.756462,,A,,3,,,,,,2,,,
DATAFLOW,OECD.ENV.EPI:DSD_AIR_GHG@DF_AIR_GHG(1.0),,I,THA,,A,,GHG,,_T,,KG_CO2E_PS,,2020,,5.205036,,A,,3,,,,,,2,,,
DATAFLOW,OECD.ENV.EPI:DSD_AIR_GHG@DF_AIR_GHG(1.0),,I,UKR,,A,,GHG,,_T,,KG_CO2E_PS,,2020,,7.278898,,A,,3,,,,,,2,,,
DATAFLOW,OECD.ENV.EPI:DSD_AIR_GHG@DF_AIR_GHG(1.0),,I,URY,,A,,GHG,,_T,,KG_CO2E_PS,,2020,,10.70697,,A,,3,,,,,,2,,,
DATAFLOW,OECD.ENV.EPI:DSD_AIR_GHG@DF_AIR_GHG(1.0),,I,UZB,,A,,GHG,,_T,,KG_CO2E_PS,,2020,,5.595903,,A,,3,,,,,,2,,,
DATAFLOW,OECD.ENV.EPI:DSD_AIR_GHG@DF_AIR_GHG(1.0),,I,VEN,,A,,GHG,,_T,,KG_CO2E_PS,,2020,,7.609905,,A,,3,,,,,,2,,,
